# Tile ,NCCS_ID,Status,RA,Dec,Vmag,err_Vmag,Rmag,Imag,VFWHM,RFWHM,IFWHM,?,?,?,?,Quality ,Redshift,Distance,,,,My favorite H0=74.03 km*s^-1*Mpc^-1,,C=2.99E8 m/s
tile19h12m+89d12m,422708,3,253.37608,89.17042,15.972,0.008,15.488,15.011,2.31,5.011,5.118,2,2,0,2,5,0.0029,11.7128191273808,,,,,,2.99E5km/s
tile10h48m+87d18m,3073107,3,166.50685,86.99426,17.979,0.052,17.24,16.234,2.228,2.455,1.888,0,0,0,2,2,0.0048,19.3867351073889,,,,,,
tile04h48m+89d12m,2676386,3,90.64274,88.8244,17.433,0.043,16.6,16.027,1.592,2.282,1.832,0,2,3,2,1,0.005,20.1945157368634,,,,,,
tile06h00m+88d00m,2686712,3,93.75543,87.71425,14.908,0.008,13.827,13.021,2.209,2.131,1.905,0,3,1,2,5,0.0055,22.2139673105498,,,,,,
tile21h36m+87d48m,2515396,3,327.76152,87.80646,15.394,0.009,14.325,13.777,2.003,3.956,3.544,2,0,0,2,5,0.006,24.2334188842361,,,,,,
tile00h00m+87d06m,1485390,3,1.37703,86.93883,16.471,0.006,16.121,15.887,2.115,3.716,3.554,0,2,0,2,5,0.0065,26.2528704579225,,,,,,
tile00h00m+88d30m,1470882,3,2.66192,88.33564,14.477,0.006,14.486,14.189,13.847,8.916,6.447,2,3,0,3,3,0.0067,27.060651087397,,,,,,
tile21h36m+88d42m,118554,3,331.37455,88.33737,17.976,0.069,19.507,18.282,3.913,4.155,2.703,3,3,3,3,1,0.0073,29.4839929758206,,,,,,
tile09h36m+88d30m,1639397,3,131.94906,88.21456,18.815,0.044,17.779,16.902,2.036,2.238,2.362,0,0,2,2,4,0.009,36.3501283263542,,,,,,
tile16h48m+87d48m,1538462,3,251.92449,87.59804,17.614,0.021,17.401,16.475,2.396,1.937,3.711,0,2,2,3,3,0.0105,42.4084830474132,,,,,,
tile00h00m+90d00m,417503,3,68.89022,89.55047,18.506,0.101,17.395,16.58,1.989,2.191,1.999,0,0,0,2,3,0.0106,42.8123733621505,,,,,,
tile07h12m+87d06m,1650069,3,105.81669,87.11002,16.62,0.028,15.942,15.287,4.667,5.564,4.708,0,3,3,3,2,0.0129,52.1018506011077,,,,,,
tile07h12m+87d06m,16268,3,107.06408,86.65788,14.367,0.005,13.625,12.886,4.734,4.537,3.739,3,3,0,3,5,0.0144,58.1602053221667,,,,,,
tile06h00m+87d18m,1652313,3,89.90085,87.0422,18.381,0.063,17.347,16.845,2.527,2.442,2.768,0,0,0,3,4,0.0147,59.3718762663785,,,,,,
tile07h12m+88d42m,2675749,3,103.30435,88.76787,15.757,0.015,14.848,13.966,1.658,1.956,1.849,0,0,0,2,4,0.0148,59.7757665811158,,,,,,
tile06h00m+88d00m,1620456,3,89.1823,88.07442,18.189,0.053,17.351,16.683,3.524,3.655,3.737,0,0,2,3,3,0.0149,60.179656895853,,,,,,
tile07h12m+87d06m,16191,3,106.92541,86.70616,18.167,0.036,17.473,16.824,1.738,2.624,2.614,0,0,0,2,2,0.0149,60.179656895853,,,,,,
tile07h12m+88d42m,1657941,3,110.30121,88.53287,18.68,0.173,17.78,17.038,1.784,2.022,2.284,0,3,3,2,5,0.0154,62.1991084695394,,,,,,
tile04h48m+89d12m,2683771,3,64.79696,88.87264,17.848,0.027,17.17,16.385,2.055,2.139,2.067,0,0,2,2,5,0.0154,62.1991084695394,,,,,,
tile02h24m+87d48m,1579191,3,36.7314,87.4958,16.722,0.021,15.862,15.09,1.605,1.993,1.816,0,0,0,2,4,0.0154,62.1991084695394,,,,,,
tile09h36m+87d06m,22326,3,144.42999,86.9238,17.31,0.019,16.574,15.847,5.93,6.037,5.973,3,2,2,3,4,0.0155,62.6029987842766,,,,,,
tile04h48m+89d12m,2683927,3,67.63767,88.77039,15.746,0.014,15.037,14.248,8.969 1,0.012,10.288,0,3,3,3,4,0.0155,62.6029987842766,,,,,,
tile02h24m+87d06m,1016104,3,30.86052,87.06637,18.673,0.118,17.853,17.288,1.362,2.357,2.505,0,0,2,2,5,0.0156,63.0068890990139,,,,,,
tile00h00m+89d12m,3693420,3,38.57017,89.34622,15.424,0.023,14.507,13.906,3.632,3.372,3.212,0,0,0,3,5,0.0156,63.0068890990139,,,,,,
tile02h24m+87d48m,1579242,3,37.58156,87.4635,17.502,0.045,16.87,16.177,1.98,2.969,3.236,0,0,2,2,4,0.0157,63.4107794137512,,,,,,
tile04h48m+89d12m,2700845,3,72.17187,88.82242,17.402,0.061,16.316,15.533,3.938,5.323,5.496,2,3,3,3,3,0.0157,63.4107794137512,,,,,,
tile12h00m+88d42m,2327611,3,182.56404,88.67282,17.51,0.079,17.326,16.583,1.918,4.505,3.975,0,2,2,2,5,0.0158,63.8146697284885,,,,,,
tile09h36m+89d12m,2343163,3,150.66821,89.031,14.556,0.006,13.692,12.77,1.93,2.27,2.09,0,0,0,2,5,0.0158,63.8146697284885,,,,,,
tile21h36m+88d42m,118328,3,330.81729,88.43911,18.834,0.053,18.506,18.35,3.388,3.896,2.592,0,3,2,3,3,0.016,64.622450357963,,,,,,
tile04h48m+87d48m,1588099,3,72.10889,87.94262,18.92,0.142,18.264,17.355,2.187,2,2.104,2,2,2,2,3,0.0164,66.2380116169121,,,,,,
tile09h36m+89d12m,2326114,3,128.63031,88.86242,17.425,0.041,16.927,16.471,4.955,5.853,5.514,0,0,2,3,5,0.0167,67.4496825611239,,,,,,
tile04h48m+89d12m,3695402,3,101.70982,89.01217,17.35,0.03,16.7,16.21,1.517,1.991,1.875,0,0,3,2,1,0.0167,67.4496825611239,,,,,,
tile13h12m+87d18m,445406,3,203.70831,86.95203,15.155,0.007,14.728,14.2,3.024,4.374,4.285,0,0,0,3,3,0.017,68.6613535053357,,,,,,
tile19h12m+88d30m,439309,3,278.23662,88.25638,16.642,0.01,15.95,15.278,1.404,2.566,2.714,0,0,0,2,5,0.0182,73.5080372821829,,,,,,
tile21h36m+87d06m,1510873,3,318.57407,87.30615,15.913,0.008,15.136,14.386,4.928,6.224,7.044,0,0,0,3,5,0.0184,74.3158179116574,,,,,,
tile09h36m+89d12m,2344515,3,175.1589,89.08503,15.079,0.009,14.779,14.019,2.689,4.288,4.092,2,3,3,3,3,0.0184,74.3158179116574,,,,,,
tile04h48m+88d30m,2678217,3,83.86428,88.53292,17.06,0.045,15.947,15.123,2.086,3.164,3.061,0,0,0,2,5,0.0187,75.5274888558692,,,,,,
tile09h36m+87d48m,1664645,3,136.67011,87.53498,17.198,0.014,16.394,15.879,4.067,5.801,4.887,2,0,0,3,4,0.0187,75.5274888558692,,,,,,
tile18h00m+88d00m,2456679,3,271.6497,87.80952,15.018,0.012,14.133,13.456,2.919 1,6.667,15.551,0,0,0,3,3,0.0188,75.9313791706065,,,,,,
tile21h36m+87d48m,2478770,3,314.71049,87.57041,17.963,0.035,17.286,16.547,2.838,3.697,4.399,0,0,0,3,5,0.0189,76.3352694853438,,,,,,
tile18h00m+88d00m,754528,3,273.86803,87.99372,18.651,0.101,18.448,17.58,1.955,1.947,2.351,2,3,0,2,1,0.0189,76.3352694853438,,,,,,
tile18h00m+88d00m,430517,3,268.17169,88.28606,18.534,0.088,18.506,18.749,3.075,3.105,1.499,0,2,0,2,5,0.019,76.739159800081,,,,,,
tile20h24m+88d00m,1455047,3,316.39064,87.92102,17.478,0.033,17.056,16.452,3.72,5.662,5.587,0,2,2,3,5,0.019,76.739159800081,,,,,,
tile19h12m+87d48m,1220711,3,283.41338,87.65489,18.182,0.04,17.53,16.976,1.437,2.082,2.469,0,0,0,2,5,0.0191,77.1430501148183,,,,,,
tile20h24m+88d00m,1222097,3,308.7331,87.81556,15.089,0.009,14.241,13.568,3.457,5.09,4.898,3,3,3,3,5,0.0191,77.1430501148183,,,,,,
tile18h00m+88d00m,2456754,3,270.77859,87.73581,16.92,0.028,16.901,16.409,2.271,5.547,6.062,0,2,2,2,4,0.0192,77.5469404295556,,,,,,
tile19h12m+88d30m,440226,3,284.37276,88.14516,16.712,0.01,16.118,15.571,2.707,3.769,3.831,0,0,0,3,5,0.0193,77.9508307442929,,,,,,
tile18h00m+88d00m,2456361,3,269.52513,87.63001,17.645,0.028,17.043,16.629,2.356,3.725,4.551,0,0,2,2,5,0.0193,77.9508307442929,,,,,,
tile16h48m+87d48m,2446818,3,255.41385,88.12177,18.163,0.038,17.763,17.519,2.194,3.68,2.541,3,2,2,2,5,0.0196,79.1625016885047,,,,,,
tile10h48m+87d18m,2306616,3,165.60801,87.27118,17.743,0.056,17.385,16.54,3.758,3.525,3.637,0,2,0,3,3,0.0197,79.5663920032419,,,,,,
tile20h24m+88d00m,2479375,3,307.90843,87.62363,18.908,0.071,18.28,18.435,3.127,3.388,2.057,2,2,1,3,1,0.0197,79.5663920032419,,,,,,
tile18h00m+88d00m,754451,3,273.15949,88.06869,18.292,0.09,18.154,17.258,1.431,2.689,2.034,0,2,2,2,2,0.0198,79.9702823179792,,,,,,
tile00h00m+87d06m,1485364,3,3.30042,86.95164,17.153,0.014,17.05,16.16,5.545,3.806,4.011,2,3,2,3,3,0.0211,85.2208564095637,,,,,,
tile02h24m+88d42m,2524297,3,34.12626,88.63051,18.3,0.054,17.443,16.627,3.095,3.567,2.741,2,2,2,3,3,0.0212,85.624746724301,,,,,,
tile12h00m+87d48m,1675329,3,180.20205,87.69414,17.739,0.038,17.434,16.837,1.539,2.014,2.161,0,0,0,2,5,0.0218,88.0480886127246,,,,,,
tile13h12m+87d18m,1526971,3,193.23974,87.32502,16.1,0.013,15.573,14.764,3.917,5.907,4.812,0,0,0,3,1,0.022,88.8558692421991,,,,,,
tile01h12m+87d18m,1129582,3,14.79256,86.99707,17.976,0.025,17.338,16.486,1.957,2.877,2.511,0,2,2,2,3,0.0225,90.8753208158855,,,,,,
tile03h36m+88d00m,813397,3,48.90707,88.21133,18.634,0.039,17.144,16.487,4.009,6.837,6.151,2,3,3,3,3,0.0229,92.4908820748345,,,,,,
tile09h36m+87d48m,1659801,3,149.33996,87.48269,17.913,0.023,17.258,16.55,1.782,3.129,2.835,0,0,0,2,2,0.0229,92.4908820748345,,,,,,
tile03h36m+87d18m,1589328,3,61.30592,87.37446,16.304,0.009,15.637,15.04,1.557,2.12,2.186,3,3,3,2,5,0.0244,98.5492367958936,,,,,,
tile06h00m+88d00m,1620445,3,89.32528,88.10481,18.951,0.079,18.304,17.334,1.966,2.218,2.434,0,0,0,2,5,0.0254,102.588139943266,,,,,,
tile09h36m+89d12m,3700945,3,139.75036,89.09818,17.586,0.038,17.209,16.453,3.222,3.517,3.981,3,0,2,3,2,0.0257,103.799810887478,,,,,,
tile04h48m+87d48m,2692405,3,80.46194,87.59093,18.601,0.046,17.905,17.327,1.928,2.299,2.456,0,0,0,2,5,0.0259,104.607591516953,,,,,,
tile02h24m+88d42m,813803,3,46.10666,88.43898,16.686,0.027,15.768,14.993,3.07,4.707,4.393,0,2,2,3,3,0.026,105.01148183169,,,,,,
tile16h48m+87d06m,3025929,3,257.8519,86.77334,18.46,0.039,17.61,18.235,1.108,1.847,2.236,0,0,0,2,5,0.0264,106.627043090639,,,,,,
tile13h12m+87d18m,1525602,3,189.91947,87.44382,17.596,0.037,17.043,16.058,1.783,2.136,1.797,0,0,2,2,1,0.0269,108.646494664325,,,,,,
tile20h24m+87d18m,2482208,3,313.66529,87.26347,17.319,0.015,16.72,16.307,1.981,3.012,3.483,0,0,0,2,5,0.027,109.050384979063,,,,,,
tile21h36m+87d06m,1454735,3,327.59151,87.10057,18.618,0.057,18.311,17.738,2.805,3.304,2.997,2,0,2,3,5,0.0273,110.262055923274,,,,,,
tile00h00m+89d12m,419927,3,20.4721,89.0671,18.378,0.071,17.47,16.721,3.25,4.587,3.966,3,3,2,3,3,0.028,113.089288126435,,,,,,
tile19h12m+88d30m,752486,3,298.60393,88.62513,18.656,0.074,17.754,17.174,1.705,2.737,2.282,0,0,2,2,1,0.0294,118.743752532757,,,,,,
tile08h24m+88d00m,1623601,3,118.02185,88.17395,17.23,0.013,16.362,15.59,2.137,2.415,2.424,0,0,0,2,5,0.0307,123.994326624341,,,,,,
tile18h00m+87d18m,428500,3,263.79599,87.20802,16.067,0.01,15.384,14.964,1.777,2.398,2.064,2,0,0,2,5,0.0308,124.398216939079,,,,,,
tile16h48m+87d06m,933620,3,257.50838,87.27783,18.68,0.074,18.247,17.898,1.44,1.87,2.328,0,0,0,2,4,0.0313,126.417668512765,,,,,,
tile09h36m+87d48m,1664709,3,138.37026,87.4961,18.627,0.026,17.675,17.225,2.899,4.081,3.755,0,0,2,3,5,0.0317,128.033229771714,,,,,,
tile07h12m+87d06m,864,3,106.405,87.02635,18.055,0.054,17.186,16.168,2.591,2.621,2.39,0,2,0,3,1,0.0329,132.879913548561,,,,,,
tile14h24m+89d12m,2798106,3,225.88208,88.78474,16.347,0.01,15.879,14.975,1.687,2.216,2.508,0,0,0,2,3,0.0335,135.303255436985,,,,,,
tile07h12m+87d06m,1624083,3,115.99167,87.10452,18.297,0.197,17.236,16.509,2.119,3.706,2.658,2,0,0,2,4,0.0337,136.11103606646,,,,,,
tile07h12m+87d06m,16199,3,108.86968,86.71395,18.304,0.034,17.598,17.084,2.013,2.181,1.931,0,0,0,2,1,0.0338,136.514926381197,,,,,,
tile14h24m+89d12m,3613142,3,202.84736,89.06073,18.845,0.055,18.205,17.703,2.055,3.063,2.381,0,0,3,2,1,0.0339,136.918816695934,,,,,,
tile07h12m+87d48m,1650136,3,104.96065,87.3269,16.099,0.023,15.412,14.639,4.034,3.988,3.913,3,3,3,3,4,0.0358,144.592732675942,,,,,,
tile21h36m+88d42m,3318928,3,341.85873,88.57867,17.162,0.017,16.378,15.546,3.577,4.911,4.945,0,0,0,3,4,0.0358,144.592732675942,,,,,,
tile19h12m+88d30m,752998,3,282.71949,88.57275,16.227,0.013,15.996,15.464,3.192,4.466,4.979,2,2,2,3,4,0.0364,147.016074564366,,,,,,
tile18h00m+88d00m,2457326,3,275.50033,87.6287,16.22,0.009,15.47,14.843,1.794,2.207,2.069,0,0,0,2,5,0.0366,147.82385519384,,,,,,
tile16h48m+88d42m,430445,3,263.4993,88.31128,15.179,0.007,14.501,13.707,2.384,3.772,3.071,0,0,0,3,4,0.0369,149.035526138052,,,,,,
tile16h48m+87d48m,932717,3,249.96413,87.44428,17.276,0.017,16.643,16.08,1.699,2.1,2.351,0,0,0,2,5,0.0371,149.843306767527,,,,,,
tile01h12m+87d18m,1578284,3,13.99965,87.48749,16.815,0.037,16.228,15.525,1.506,1.856,1.801,0,0,0,2,3,0.0373,150.651087397001,,,,,,
tile16h48m+88d42m,627579,3,261.9624,88.5643,18.763,0.081,18.155,17.816,2.254,3.662,3.472,2,2,0,2,2,0.0373,150.651087397001,,,,,,
tile00h00m+87d06m,1130287,3,0.43168,86.85188,17.904,0.013,17.187,16.775,1.73,2.044,1.804,0,0,0,2,1,0.0373,150.651087397001,,,,,,
tile22h48m+87d18m,116604,3,339.61025,87.47647,16.522,0.014,15.779,15.224,4.865,7.174,5.678,2,2,0,3,3,0.0374,151.054977711738,,,,,,
tile21h36m+88d42m,1221548,3,309.23621,88.62442,17.55,0.024,16.692,16.107,1.526,2.295,2.372,0,0,0,2,5,0.0375,151.458868026476,,,,,,
tile19h12m+87d06m,2464250,3,286.25441,86.65207,16.622,0.014,15.901,15.416,2.376,3.205,3.635,0,0,0,3,5,0.0375,151.458868026476,,,,,,
tile18h00m+88d00m,2456846,3,270.96369,87.67331,18.122,0.049,17.303,16.715,2.381,3.309,3.58,0,0,0,3,4,0.0377,152.26664865595,,,,,,
tile15h36m+88d00m,626857,3,236.94674,88.22818,17.09,0.013,16.519,16.532,3.139,5.513,4.727,0,0,2,3,5,0.0381,153.882209914899,,,,,,
tile18h00m+88d00m,2456933,3,272.70995,87.61189,15.56,0.008,14.702,13.937,2.527,3.386,3.181,0,0,0,3,5,0.0382,154.286100229637,,,,,,
tile19h12m+88d30m,752568,3,295.76513,88.5858,15.194,0.007,14.565,13.992,3.775,5.942,5.271,3,2,2,3,5,0.0384,155.093880859111,,,,,,
tile02h24m+87d06m,1258674,3,38.01389,86.70489,17.229,0.014,16.53,15.902,1.596,1.963,1.883,0,0,0,2,5,0.0385,155.497771173848,,,,,,
tile20h24m+88d00m,2459181,3,294.91248,87.78887,17.299,0.028,16.533,15.784,3.137,5.014,5.29,0,0,0,3,5,0.0387,156.305551803323,,,,,,
tile00h00m+89d12m,2495554,3,348.52409,88.83629,18.889,0.024,18.015,17.74,2.055,3.003,2.626,0,2,2,2,5,0.0387,156.305551803323,,,,,,
tile07h12m+87d06m,269,3,102.08931,87.03403,17.271,0.065,16.173,15.154,2.394,1.845,1.64,3,3,3,2,1,0.0392,158.325003377009,,,,,,
tile19h12m+88d30m,755041,3,303.05987,88.24685,18.489,0.052,17.637,17.15,1.439,2.545,2.567,0,0,2,2,2,0.0394,159.132784006484,,,,,,
tile13h12m+88d00m,1676859,3,196.64239,88.3496,18.822,0.027,17.806,17.056,2.609,2.149,2.393,2,0,2,3,3,0.0398,160.748345265433,,,,,,
tile19h12m+88d30m,755357,3,293.0484,88.21307,16.002,0.01,15.32,14.462,1.91,2.081,1.93,0,0,0,2,1,0.04,161.556125894907,,,,,,
tile01h12m+87d18m,1553368,3,19.99707,87.47974,18.335,0.074,17.508,16.679,1.923,1.893,2.218,0,0,0,2,1,0.04,161.556125894907,,,,,,
tile09h36m+89d12m,2326533,3,139.29155,88.97254,18.789,0.144,18.632,17.631,2.551,2.76,2.134,2,2,2,3,1,0.04,161.556125894907,,,,,,
tile04h48m+87d48m,1588170,3,68.57671,87.9143,18.949,0.114,18.278,17.493,3.74,1.85,2.106,0,3,3,3,1,0.0404,163.171687153857,,,,,,
tile07h12m+87d06m,18111,3,109.25798,86.92775,17.951,0.027,16.699,16.188,2.494,3.588,2.347,2,1,2,3,2,0.0405,163.575577468594,,,,,,
tile22h48m+87d18m,2509895,3,337.05949,87.47179,18.306,0.042,17.216,16.392,2.085,2.004,1.93,2,0,0,2,1,0.0405,163.575577468594,,,,,,
tile19h12m+88d30m,2458112,3,297.35349,88.46155,18.964,0.04,17.268,16.571,1.632,2.007,1.953,0,0,0,2,1,0.0407,164.383358098068,,,,,,
tile01h12m+87d18m,1016477,3,22.08618,87.12409,17.698,0.058,16.863,16.117,2.031,2.196,2.449,0,2,0,2,1,0.0408,164.787248412806,,,,,,
tile14h24m+87d06m,446576,3,219.60495,86.91274,18.801,0.06,18.011,17.165,3.128,3.142,2.628,0,2,0,3,2,0.041,165.59502904228,,,,,,
tile04h48m+87d06m,1608725,3,78.19977,87.06431,18.723,0.083,17.874,16.91,2.072,2.753,2.062,0,0,0,2,1,0.041,165.59502904228,,,,,,
tile01h12m+87d18m,1131203,3,16.09608,86.8816,17.946,0.025,17.236,16.469,1.783,2.029,2.214,0,0,0,2,1,0.0412,166.402809671755,,,,,,
tile14h24m+87d06m,446541,3,220.76921,86.9268,18.891,0.074,18.754,17.963,2.939,3.126,2.615,0,2,2,3,2,0.0413,166.806699986492,,,,,,
tile13h12m+87d18m,425719,3,205.5691,87.04405,17.938,0.042,17.281,16.52,3.849,4.571,3.935,0,2,0,3,1,0.0414,167.210590301229,,,,,,
tile01h12m+87d18m,1552634,3,23.8852,87.42146,18.049,0.057,17.209,16.579,1.792,1.975,1.904,0,0,0,2,2,0.0416,168.018370930704,,,,,,
tile16h48m+88d42m,748237,3,249.24898,88.66846,18.868,0.046,18.076,17.328,2.055,2.105,2.321,2,0,0,2,1,0.0416,168.018370930704,,,,,,
tile18h00m+88d00m,630757,3,271.96358,88.21463,18.357,0.031,17.459,16.762,1.807,3.104,2.925,0,0,0,2,5,0.0418,168.826151560178,,,,,,
tile04h48m+87d06m,1594316,3,72.31822,86.95033,18.791,0.035,17.649,16.692,2.205,1.841,1.958,0,2,2,2,1,0.0419,169.230041874916,,,,,,
tile02h24m+87d06m,1295671,3,36.67435,87.02941,17.841,0.107,17.453,16.814,1.868,3.758,3.517,2,2,2,2,3,0.0421,170.03782250439,,,,,,
tile16h48m+88d42m,2444840,3,245.61375,88.76235,18.092,0.053,17.655,16.898,3.001,2.908,2.731,3,3,2,3,1,0.0428,172.865054707551,,,,,,
tile09h36m+87d48m,1660188,3,144.62645,87.52718,17.391,0.013,16.523,15.812,1.02,2.135,1.973,0,0,0,2,2,0.0433,174.884506281237,,,,,,
tile01h12m+87d18m,1131509,3,13.97043,86.94911,17.168,0.016,16.647,15.883,1.365,1.948,1.992,3,3,3,2,1,0.0435,175.692286910712,,,,,,
tile04h48m+87d48m,2677466,3,68.98133,87.72941,18.611,0.093,17.496,16.589,2.847,2.027,1.802,0,0,0,3,1,0.0437,176.500067540186,,,,,,
tile19h12m+87d06m,437685,3,283.54854,87.13088,18.744,0.116,18.638,18.015,3.993,3.309,2.267,0,3,2,3,2,0.0445,179.731190058085,,,,,,
tile19h12m+87d06m,2467820,3,283.15195,87.04497,18.827,0.088,18.253,17.684,1.825,2.108,1.964,0,0,0,2,2,0.0445,179.731190058085,,,,,,
tile16h48m+87d06m,3025960,3,257.44247,86.70501,18.074,0.04,17.283,16.746,1.651,2.937,1.953,3,0,0,2,1,0.0445,179.731190058085,,,,,,
tile00h00m+90d00m,3416858,3,140.86911,89.60756,15.645,0.007,14.888,14.316,2.541,3.87,3.199,2,0,0,3,4,0.0446,180.135080372822,,,,,,
tile02h24m+87d06m,1297378,3,38.729,86.82231,17.467,0.021,17.009,16.286,1.713,2.67,2.181,0,0,0,2,2,0.0447,180.538970687559,,,,,,
tile02h24m+87d06m,1259786,3,41.87664,86.75384,17.962,0.195,17.955,17.108,2.46,2.029,2.878,0,0,0,3,1,0.0448,180.942861002296,,,,,,
tile21h36m+88d42m,1310876,3,319.4648,88.80607,17.055,0.011,16.185,15.619,2.721,3.055,2.835,0,0,0,3,3,0.045,181.750641631771,,,,,,
tile16h48m+88d42m,627087,3,269.80977,88.63564,17.086,0.016,16.359,15.554,1.407,1.872,2.01,0,0,0,2,5,0.0451,182.154531946508,,,,,,
tile02h24m+87d48m,1579043,3,37.81019,87.61062,17.269,0.036,16.4,15.713,2.791,5.879,4.909,2,2,2,3,5,0.0451,182.154531946508,,,,,,
tile09h36m+89d12m,2343652,3,156.85139,88.95928,18.084,0.036,17.468,16.299,1.705,2.05,1.835,0,0,0,2,1,0.0451,182.154531946508,,,,,,
tile04h48m+88d30m,1588922,3,59.88639,88.21863,18.137,0.028,17.24,16.695,2.436,2.534,2.545,0,0,0,3,5,0.0452,182.558422261245,,,,,,
tile07h12m+88d42m,1656441,3,117.316,88.73251,17.569,0.039,16.832,15.938,2.853,2.889,2.211,0,0,0,3,1,0.0452,182.558422261245,,,,,,
tile03h36m+88d00m,1588665,3,64.68729,87.92167,15.969,0.017,14.91,14.04,2.024,1.913,1.912,0,3,3,2,5,0.0453,182.962312575983,,,,,,
tile00h00m+88d30m,112691,3,11.236,88.33069,18.823,0.065,17.947,17.083,1.884,2.211,2.148,0,0,0,2,3,0.0453,182.962312575983,,,,,,
tile04h48m+87d06m,1608645,3,77.2235,87.14099,18.965,0.078,17.847,16.857,1.765,2.326,2.074,0,1,3,2,3,0.0453,182.962312575983,,,,,,
tile14h24m+89d12m,2345356,3,216.78006,89.12513,17.573,0.021,16.908,16.254,1.588,2.019,2.22,0,0,2,2,1,0.0453,182.962312575983,,,,,,
tile12h00m+87d06m,3073746,3,182.67636,87.14543,18.88,0.049,18.124,17.152,1.92,1.97,1.864,0,0,0,2,1,0.0453,182.962312575983,,,,,,
tile00h00m+90d00m,417312,3,38.34813,89.63642,18.857,0.07,18.292,17.407,2.499,3.169,2.854,0,2,2,3,5,0.0454,183.36620289072,,,,,,
tile03h36m+88d00m,1607240,3,50.75085,87.79028,18.064,0.082,16.789,16.222,2.238,3.8,3.469,0,2,0,2,5,0.0454,183.36620289072,,,,,,
tile20h24m+87d18m,2481976,3,312.39818,87.36904,17.227,0.016,16.459,15.944,2.293,2.46,2.644,0,0,0,2,5,0.0454,183.36620289072,,,,,,
tile12h00m+87d06m,3630466,3,172.52926,87.08662,18.715,0.084,17.686,16.751,2.736,2.744,2.55,0,0,0,3,1,0.0454,183.36620289072,,,,,,
tile16h48m+88d42m,751416,3,246.65821,88.45685,17.902,0.055,17.086,16.322,2.316,2.575,2.102,2,0,0,2,2,0.0455,183.770093205457,,,,,,
tile16h48m+87d06m,1539139,3,256.13611,86.66896,17.624,0.023,16.784,16.035,1.463,2.51,1.978,0,2,0,2,2,0.0455,183.770093205457,,,,,,
tile19h12m+88d30m,436143,3,289.5447,88.21556,16.944,0.02,16.693,15.82,2.149,2.148,2.071,0,0,0,2,1,0.0455,183.770093205457,,,,,,
tile03h36m+88d00m,2677162,3,64.70807,87.78472,18.931,0.075,17.736,17.082,2.139,2.13,2.273,0,0,0,2,4,0.0456,184.173983520195,,,,,,
tile00h00m+88d30m,112805,3,11.18408,88.61133,18.318,0.041,17.368,16.548,2.516,3.573,3.837,0,0,0,3,2,0.0456,184.173983520195,,,,,,
tile21h36m+88d42m,414338,3,337.40033,88.82627,18.361,0.036,17.496,16.782,1.615,1.951,1.956,3,3,3,2,1,0.0456,184.173983520195,,,,,,
tile09h36m+87d48m,1637374,3,146.53201,87.35304,17.576,0.019,16.702,15.881,1.335,2.164,1.913,0,0,0,2,1,0.0456,184.173983520195,,,,,,
tile06h00m+88d00m,1607860,3,83.84777,87.943,18.514,0.101,17.825,17.096,3,2.739,2.896,0,0,2,3,5,0.0457,184.577873834932,,,,,,
tile03h36m+88d00m,2857830,3,51.80082,87.69384,18.98,0.049,18.444,17.794,1.721,2.021,2.418,0,0,0,2,5,0.0457,184.577873834932,,,,,,
tile21h36m+88d42m,1219524,3,318.96227,88.69061,18.951,0.1,18.366,17.41,3.878,2.707,2.604,2,0,0,3,3,0.0457,184.577873834932,,,,,,
tile14h24m+87d06m,3644138,3,208.29121,86.9783,17.465,0.022,16.826,16.196,2.578,3.006,2.785,0,0,0,3,1,0.0457,184.577873834932,,,,,,
tile16h48m+88d42m,626487,3,238.5018,88.4652,17.096,0.014,16.303,15.545,1.8,3.034,2.476,0,0,0,2,5,0.0458,184.981764149669,,,,,,
tile14h24m+89d12m,2345108,3,244.05124,89.16004,17.417,0.02,16.86,16.024,2.409,3.396,3.989,0,0,0,3,5,0.0459,185.385654464406,,,,,,
tile09h36m+87d48m,1659753,3,151.65504,87.5064,17.886,0.021,17.169,16.484,1.141,2.012,1.795,0,0,0,2,1,0.0459,185.385654464406,,,,,,
tile14h24m+88d30m,626542,3,230.10128,88.60395,18.642,0.04,18.92,18.772,2.551,4.797,3.934,0,0,0,3,5,0.046,185.789544779144,,,,,,
tile16h48m+88d42m,3620450,3,241.80081,88.39834,15.739,0.007,15.236,14.646,2.369,1.879,1.873,3,3,3,2,3,0.046,185.789544779144,,,,,,
tile08h24m+87d18m,1630696,3,124.09276,87.34485,18.382,0.153,17.137,16.329,2.011,2.352,1.829,0,0,0,2,1,0.046,185.789544779144,,,,,,
tile12h00m+87d48m,1672950,3,173.71103,87.70026,18.615,0.141,18.208,17.459,4.843,2.405,2.798,1,1,3,3,1,0.0475,191.847899500203,,,,,,
tile00h00m+89d12m,2495657,3,354.27647,88.72861,15.997,0.007,15.084,14.519,2.52,3.194,2.313,0,0,0,3,4,0.0481,194.271241388626,,,,,,
tile10h48m+87d18m,2306282,3,166.96944,87.50516,17.296,0.031,16.467,15.459,1.487,1.963,2.05,0,0,0,2,3,0.0481,194.271241388626,,,,,,
tile14h24m+87d06m,425808,3,223.38698,87.01206,17.195,0.017,16.541,15.877,4.792,3.669,3.378,3,3,2,3,3,0.0486,196.290692962313,,,,,,
tile19h12m+89d12m,2445955,3,292.45391,88.97431,17.665,0.027,16.972,16.187,2.029,3.082,3.661,0,2,0,2,4,0.0493,199.117925165473,,,,,,
tile00h00m+89d12m,424791,3,323.81353,89.27722,17.096,0.016,16.305,15.523,2.977,4.461,4.142,3,2,2,3,5,0.0497,200.733486424423,,,,,,
tile12h00m+87d06m,3714069,3,178.85663,87.11349,17.919,0.034,17.46,16.694,2.334,2.238,1.873,2,0,2,2,5,0.0497,200.733486424423,,,,,,
tile07h12m+87d48m,2694787,3,103.21898,87.5898,18.312,0.103,17.561,16.861,2.371,2.793,2.919,0,0,0,2,3,0.0497,200.733486424423,,,,,,
tile07h12m+87d48m,2702325,3,108.17866,87.69198,18.678,0.04,17.887,16.957,2.894,2.875,2.816,0,0,0,3,3,0.0499,201.541267053897,,,,,,
tile03h36m+88d00m,1607456,3,52.8045,88.16785,17.853,0.019,16.654,15.983,1.865,2.184,2.111,0,0,0,2,5,0.0502,202.752937998109,,,,,,
tile19h12m+89d12m,2798213,3,275.60765,88.90904,17.326,0.017,16.872,16.547,2.111,2.526,2.39,3,2,0,2,5,0.0504,203.560718627583,,,,,,
tile07h12m+87d48m,2705961,3,108.79173,87.46994,17.045,0.024,15.901,15.076,2.177,1.905,1.983,2,0,0,2,4,0.0505,203.964608942321,,,,,,
tile14h24m+87d06m,3638321,3,217.47682,87.27833,16.839,0.019,16.148,15.542,2.148,2.054,1.968,0,0,0,2,1,0.0511,206.387950830744,,,,,,
tile07h12m+87d06m,11211,3,116.32853,86.86186,17.513,0.023,16.918,16.111,1.736,3.153,2.355,0,0,2,2,3,0.0513,207.195731460219,,,,,,
tile07h12m+87d48m,2702383,3,107.71782,87.61374,17.984,0.043,17.039,16.208,2.183,2.26,2.268,0,0,0,2,3,0.0513,207.195731460219,,,,,,
tile13h12m+88d00m,3617484,3,198.9897,87.85945,16.556,0.009,16.004,15.33,3.528,3.335,3.558,2,0,0,3,1,0.0513,207.195731460219,,,,,,
tile07h12m+88d42m,1649825,3,102.64703,88.27436,18.846,0.14,18.403,17.452,2.213,2.903,2.758,0,2,2,2,2,0.0515,208.003512089693,,,,,,
tile13h12m+88d00m,3617121,3,191.7854,87.7875,15.191,0.01,14.68,13.863,1.831,1.876,1.87,0,0,0,2,4,0.052,210.02296366338,,,,,,
tile04h48m+89d12m,3695568,3,106.94108,89.30974,17.794,0.096,17.046,16.247,2.741,2.119,1.953,0,0,0,3,5,0.0522,210.830744292854,,,,,,
tile14h24m+87d06m,3644011,3,207.9442,86.85048,16.836,0.017,16.302,15.609,1.816,2.054,1.957,0,0,0,2,5,0.0523,211.234634607591,,,,,,
tile21h36m+87d06m,1454632,3,326.26007,87.16345,17.888,0.022,16.931,16.229,1.71,2.508,2.319,0,0,0,2,5,0.0524,211.638524922329,,,,,,
tile14h24m+87d06m,1493037,3,211.55399,86.79815,18.494,0.098,18.079,17.717,1.701,2.433,2.639,0,0,0,2,5,0.0524,211.638524922329,,,,,,
tile04h48m+89d12m,2700768,3,73.64513,88.89525,17.778,0.051,16.645,15.803,3.003,3.21,3.071,0,0,0,3,5,0.0524,211.638524922329,,,,,,
tile07h12m+87d06m,259,3,102.06135,87.03832,15.322,0.019,14.146,13.131,2.212,2.591,2.369,3,3,3,2,5,0.0526,212.446305551803,,,,,,
tile13h12m+87d18m,1526516,3,194.8099,87.50689,16.323,0.012,15.647,14.789,1.5,2.037,1.887,0,0,0,2,5,0.0526,212.446305551803,,,,,,
tile15h36m+88d00m,1781866,3,240.19968,87.80813,16.615,0.021,16.762,15.499,4.113,4.249,2.846,3,2,3,3,5,0.0527,212.850195866541,,,,,,
tile02h24m+88d42m,813963,3,43.69661,88.33203,16.939,0.018,16.029,15.056,1.648,2.197,2.097,3,3,3,2,4,0.0527,212.850195866541,,,,,,
tile04h48m+88d30m,2685628,3,71.3983,88.64043,18.921,0.185,18.731,17.76,2.182,3.346,2.745,0,2,2,2,5,0.0528,213.254086181278,,,,,,
tile04h48m+89d12m,2857142,3,51.26514,89.00796,16.626,0.019,15.948,15.133,2.418,2.812,2.485,0,0,0,3,5,0.0528,213.254086181278,,,,,,
tile13h12m+88d00m,1489898,3,203.32431,87.64625,16.731,0.016,16.046,15.184,2.609,3.27,3.212,2,0,0,3,4,0.0528,213.254086181278,,,,,,
tile04h48m+89d12m,2960328,3,84.34515,88.93714,17.876,0.094,16.887,16.053,2.507,4.02,4.054,0,2,2,3,2,0.0528,213.254086181278,,,,,,
tile14h24m+87d48m,1490898,3,209.87289,87.47502,17.944,0.051,17.412,16.895,2.242,3.414,3.122,0,0,2,2,5,0.0529,213.657976496015,,,,,,
tile07h12m+87d48m,2710189,3,111.11158,87.4755,17.597,0.046,16.85,16.236,2.521,2.936,2.736,2,0,0,3,4,0.053,214.061866810752,,,,,,
tile04h48m+89d12m,811127,3,68.20947,89.1595,17.146,0.033,16.351,15.753,3.792,3.703,3.432,0,3,0,3,3,0.053,214.061866810752,,,,,,
tile10h48m+88d00m,2306726,3,169.13901,87.69146,16.298,0.018,16.001,14.793,3.98,3.648,3.024,0,0,0,3,3,0.053,214.061866810752,,,,,,
tile15h36m+88d00m,624429,3,240.88723,87.61518,18.822,0.042,18.076,17.314,1.438,1.933,1.993,0,0,0,2,1,0.053,214.061866810752,,,,,,
tile13h12m+87d18m,1677740,3,201.09746,87.26803,17.917,0.025,17.487,16.883,1.886,1.881,1.98,2,0,0,2,5,0.0531,214.46575712549,,,,,,
tile04h48m+89d12m,2675048,3,56.09427,88.88996,17.953,0.031,17.169,16.364,1.694,1.934,1.795,0,0,0,2,5,0.0531,214.46575712549,,,,,,
tile07h12m+87d06m,572,3,112.22405,87.03583,17.648,0.053,16.902,16.177,3.029,3.498,2.686,2,0,2,3,3,0.0531,214.46575712549,,,,,,
tile09h36m+88d30m,1665635,3,160.86609,88.36531,17.421,0.022,16.413,15.636,1.962,3.541,2.782,1,0,0,2,3,0.0531,214.46575712549,,,,,,
tile04h48m+89d12m,2960877,3,64.694,88.978,16.334,0.031,15.428,14.73,4.61,6.642,5.402,0,0,0,3,3,0.0531,214.46575712549,,,,,,
tile09h36m+88d30m,1658921,3,152.30576,88.41396,17.849,0.059,17.215,16.541,2.819,2.712,2.647,0,0,0,3,5,0.0532,214.869647440227,,,,,,
tile07h12m+87d48m,1654820,3,106.76763,87.41847,18.923,0.131,18.609,17.936,2.996,2.302,1.952,0,0,0,3,2,0.0532,214.869647440227,,,,,,
tile08h24m+88d00m,1631516,3,121.46406,88.16055,15.841,0.008,15.083,14.293,3.198,3.515,3.389,2,0,0,3,3,0.0533,215.273537754964,,,,,,
tile19h12m+89d12m,423134,3,268.41258,89.07,16.334,0.011,15.573,14.907,1.673,2.253,2.167,0,0,0,2,5,0.0534,215.677428069701,,,,,,
tile14h24m+87d48m,1781573,3,216.36939,87.83754,16.334,0.013,15.596,14.665,2.524,2.543,2.266,3,3,3,3,5,0.0534,215.677428069701,,,,,,
tile04h48m+89d12m,3696770,3,54.99652,89.01993,17.648,0.102,16.802,15.956,4.024,3.761,3.045,2,2,2,3,4,0.0534,215.677428069701,,,,,,
tile12h00m+87d06m,45363,3,180.32298,86.7521,18.428,0.046,17.493,16.465,2.244,2.844,2.72,2,0,0,2,3,0.0534,215.677428069701,,,,,,
tile02h24m+87d06m,1296032,3,40.8548,87.11409,18.397,0.073,17.928,17.525,1.788,1.886,1.994,0,2,0,2,5,0.0535,216.081318384439,,,,,,
tile09h36m+88d30m,1665098,3,131.89385,88.60166,16.987,0.034,16.19,15.371,3.415,3.213,3.036,0,0,0,3,5,0.0535,216.081318384439,,,,,,
tile10h48m+88d00m,1674392,3,171.16527,88.25404,18.51,0.033,17.675,17.078,2.344,2.937,2.532,2,0,3,2,4,0.0535,216.081318384439,,,,,,
tile12h00m+87d06m,1754,3,181.55765,86.99273,18.844,0.072,18.29,17.752,2.224,3.254,3.176,0,2,0,2,5,0.0536,216.485208699176,,,,,,
tile14h24m+87d06m,1780989,3,219.07921,87.03347,16.074,0.01,15.279,14.582,2.102,2.485,2.289,0,0,0,2,5,0.0536,216.485208699176,,,,,,
tile12h00m+87d06m,3073487,3,187.19792,87.07888,18.181,0.062,18.032,17.284,1.755,3.517,3.31,0,0,0,2,5,0.0536,216.485208699176,,,,,,
tile14h24m+87d06m,1527547,3,216.24395,87.14173,16.033,0.016,15.35,14.637,1.611,2.255,1.934,0,0,0,2,3,0.0536,216.485208699176,,,,,,
tile02h24m+87d06m,1254926,3,34.47061,86.88502,16.988,0.021,16.371,15.593,1.691,2.462,2.257,0,0,0,2,4,0.0537,216.889099013913,,,,,,
tile10h48m+88d00m,1640250,3,161.34082,88.26986,17.658,0.043,16.981,16.27,3.047,4.231,3.641,0,0,2,3,4,0.0537,216.889099013913,,,,,,
tile14h24m+87d48m,1490093,3,206.42831,87.53225,18.268,0.047,17.978,17.242,1.425,3.01,2.637,0,0,0,2,3,0.0537,216.889099013913,,,,,,
tile00h00m+88d30m,3315962,3,0.75454,88.35939,17.059,0.014,16.237,15.542,2.614,4.182,3.608,0,0,0,3,3,0.0537,216.889099013913,,,,,,
tile12h00m+87d06m,48887,3,180.99628,86.64319,17.13,0.02,16.369,15.491,3.689,4.815,4.761,2,0,0,3,1,0.0537,216.889099013913,,,,,,
tile02h24m+88d42m,418640,3,27.78804,88.66261,18.602,0.059,17.937,17.237,1.836,2.431,2.792,0,3,3,2,5,0.0538,217.292989328651,,,,,,
tile15h36m+88d00m,1782135,3,235.12661,87.88365,17.002,0.016,16.23,15.627,1.472,1.983,1.79,0,2,0,2,5,0.0538,217.292989328651,,,,,,
tile04h48m+89d12m,2674989,3,55.67558,88.91583,17.83,0.027,16.977,16.405,2.099,1.939,1.82,2,0,0,2,5,0.0538,217.292989328651,,,,,,
tile12h00m+87d06m,3073838,3,184.59595,87.03241,18.1,0.048,17.557,16.86,2.06,3.207,3.381,0,0,0,2,5,0.0538,217.292989328651,,,,,,
tile09h36m+87d48m,1660150,3,142.77981,87.57112,17.176,0.013,16.339,15.574,2.629,3.372,3.128,0,0,0,3,3,0.0539,217.696879643388,,,,,,
tile16h48m+88d42m,751432,3,246.03879,88.42185,18.569,0.105,17.947,17.51,2.632,3.026,2.777,0,0,0,3,2,0.0539,217.696879643388,,,,,,
tile12h00m+87d06m,44938,3,178.76725,86.64757,17.136,0.041,16.255,15.419,2.201,3.379,3.008,3,3,3,2,5,0.054,218.100769958125,,,,,,
tile02h24m+88d42m,812958,3,21.56802,88.46515,16.509,0.01,15.479,14.718,1.993,2.684,2.535,2,2,2,2,5,0.054,218.100769958125,,,,,,
tile22h48m+88d00m,2497640,3,332.84072,88.23226,18.981,0.044,18.355,18.025,1.945,2.965,3.277,0,0,2,2,5,0.054,218.100769958125,,,,,,
tile06h00m+87d18m,1621305,3,98.68391,87.1796,17.306,0.057,16.713,15.938,2.534,2.991,2.715,0,0,0,3,4,0.054,218.100769958125,,,,,,
tile14h24m+87d48m,1490997,3,209.92517,87.40204,17.626,0.03,16.91,16.282,2.022,3.054,2.745,0,0,0,2,3,0.054,218.100769958125,,,,,,
tile14h24m+87d06m,426180,3,219.06522,87.07331,18,0.038,17.18,16.51,2.909,3.683,2.983,0,0,0,3,1,0.0541,218.504660272862,,,,,,
tile13h12m+88d00m,1676841,3,196.40724,88.36592,18.415,0.029,17.962,17.388,1.985,3.187,2.6,3,2,2,2,5,0.0542,218.9085505876,,,,,,
tile14h24m+88d30m,1676482,3,206.37037,88.48923,17.096,0.012,16.402,15.485,1.999,2.568,2.331,2,0,0,2,4,0.0542,218.9085505876,,,,,,
tile07h12m+87d06m,1653316,3,109.148,87.01017,18.911,0.24,17.294,16.039,3.087,2.839,2.329,0,0,2,3,1,0.0542,218.9085505876,,,,,,
tile14h24m+87d06m,1491019,3,209.16143,87.36959,18.873,0.072,18.189,17.627,1.266,1.837,1.88,0,0,0,2,5,0.0543,219.312440902337,,,,,,
tile16h48m+87d48m,3513807,3,249.79684,87.61515,16.052,0.007,15.289,14.561,1.767,2.115,2.121,0,0,0,2,5,0.0543,219.312440902337,,,,,,
tile15h36m+88d00m,626788,3,240.15004,88.29368,16.984,0.013,16.244,15.541,2.81,4.623,3.982,2,2,2,3,4,0.0543,219.312440902337,,,,,,
tile09h36m+89d12m,3609464,3,122.78099,89.03315,18.233,0.047,16.857,15.879,3.895,4.455,6,2,3,2,3,3,0.0543,219.312440902337,,,,,,
tile12h00m+88d42m,1674973,3,174.7364,88.35524,16.375,0.011,15.777,14.925,2.129,2.176,1.911,3,3,3,2,5,0.0544,219.716331217074,,,,,,
tile02h24m+88d42m,813839,3,40.43349,88.49271,18.772,0.066,17.684,16.671,1.93,2.801,2.48,0,2,0,2,4,0.0544,219.716331217074,,,,,,
tile02h24m+88d42m,814019,3,43.17432,88.29036,17.648,0.027,16.644,15.747,2.213,1.933,1.927,3,3,3,2,3,0.0545,220.120221531811,,,,,,
tile09h36m+88d30m,1658779,3,154.76607,88.46502,17.868,0.079,17.165,16.28,3.026,2.375,2.224,0,0,0,3,3,0.0545,220.120221531811,,,,,,
tile09h36m+89d12m,3695584,3,112.04412,89.24506,16.434,0.045,15.629,14.896,3.244,2.832,2.704,0,0,2,3,3,0.0545,220.120221531811,,,,,,
tile07h12m+87d48m,2705996,3,108.78515,87.45467,18.049,0.045,16.881,16.038,2.519,2.011,1.876,0,0,0,3,1,0.0545,220.120221531811,,,,,,
tile16h48m+87d06m,1539137,3,256.431,86.66499,16.809,0.014,16.231,15.729,1.952,3.658,3.122,2,0,0,2,5,0.0546,220.524111846549,,,,,,
tile16h48m+87d48m,3513790,3,248.97997,87.64406,17.469,0.015,16.762,16.09,1.629,2.462,3.339,0,3,0,2,5,0.0546,220.524111846549,,,,,,
tile12h00m+88d42m,2327538,3,175.87428,88.76926,18.603,0.074,17.879,16.831,1.436,2.482,2.383,0,0,0,2,1,0.0546,220.524111846549,,,,,,
tile13h12m+88d00m,2346676,3,186.704,88.20987,18.32,0.05,17.934,17.175,2.446,2.502,2.254,1,0,0,3,1,0.0546,220.524111846549,,,,,,
tile09h36m+88d30m,1632003,3,147.8943,88.18749,16.355,0.009,15.495,14.859,1.776,1.948,1.964,0,0,0,2,5,0.0547,220.928002161286,,,,,,
tile04h48m+89d12m,2675168,3,51.90703,88.89626,18.562,0.064,17.746,16.941,1.867,2.534,2.191,0,0,0,2,5,0.0547,220.928002161286,,,,,,
tile18h00m+88d00m,430043,3,262.02575,88.05004,18.5,0.121,18.283,17.648,1.18,3.383,2.181,3,3,3,2,4,0.0547,220.928002161286,,,,,,
tile12h00m+87d06m,3714019,3,178.38054,87.17945,18.33,0.052,18.189,17.03,2.706,1.892,1.818,0,0,2,3,1,0.0547,220.928002161286,,,,,,
tile02h24m+87d48m,1567669,3,39.03792,87.94029,18.041,0.136,17.896,16.979,3.31,1.658,2.387,2,2,2,2,4,0.0548,221.331892476023,,,,,,
tile07h12m+87d06m,11360,3,112.09846,86.76577,17.755,0.025,17.376,16.797,1.785,3.428,3.321,0,0,0,2,2,0.0549,221.735782790761,,,,,,
tile16h48m+87d48m,1538474,3,251.87202,87.58218,16.962,0.017,16.63,16.065,2.353,2.358,3.023,0,0,0,2,1,0.0549,221.735782790761,,,,,,
tile15h36m+88d00m,3250900,3,244.51227,87.95004,17.437,0.028,16.926,16.699,3.106,3.621,3.305,2,2,0,3,3,0.055,222.139673105498,,,,,,
tile02h24m+87d06m,1295591,3,36.42915,87.07982,16.343,0.023,15.612,14.874,1.323,2.328,2.373,2,2,2,2,5,0.0552,222.947453734972,,,,,,
tile16h48m+87d06m,1536319,3,256.62369,86.67816,17.54,0.03,16.606,15.879,1.863,2.754,3.093,2,2,3,2,5,0.0552,222.947453734972,,,,,,
tile07h12m+87d06m,16083,3,106.5037,86.80919,17.757,0.027,17.257,16.628,3.23,4.087,4.663,0,2,2,3,3,0.0552,222.947453734972,,,,,,
tile22h48m+88d00m,2496824,3,339.07649,88.09397,18.524,0.03,17.576,17.096,1.7,2.984,3.013,0,0,0,2,5,0.0556,224.563014993921,,,,,,
tile02h24m+87d48m,1567832,3,37.19327,87.75525,18.828,0.201,17.842,16.962,1.779,2.153,2.488,0,1,0,2,4,0.0556,224.563014993921,,,,,,
tile22h48m+88d00m,1315436,3,350.17709,87.98816,17.744,0.043,16.846,16.124,4.407,5.408,5.991,2,0,2,3,3,0.056,226.17857625287,,,,,,
tile22h48m+88d00m,1315480,3,349.89117,87.97529,16.794,0.02,15.908,15.133,1.777,2.52,2.537,0,0,0,2,5,0.0562,226.986356882345,,,,,,
tile21h36m+87d06m,1454531,3,325.04105,87.2203,18.916,0.045,18.05,17.24,1.491,1.9,1.931,0,0,0,2,5,0.0562,226.986356882345,,,,,,
tile00h00m+89d12m,413715,3,331.21374,89.12298,16.991,0.014,16.041,15.21,1.841,2.224,2.215,3,2,0,2,3,0.0563,227.390247197082,,,,,,
tile19h12m+88d30m,434969,3,292.39642,88.07103,16.711,0.018,15.87,15.193,2.22,3.209,2.894,0,0,0,2,2,0.0563,227.390247197082,,,,,,
tile03h36m+87d18m,1587678,3,47.13875,87.09504,18.129,0.035,17.72,17.294,1.564,2.07,2.05,3,2,1,2,3,0.0564,227.79413751182,,,,,,
tile19h12m+88d30m,435746,3,287.52727,88.19618,17.155,0.021,17.575,17.085,4.299,2.586,2.474,3,3,3,3,5,0.0565,228.198027826557,,,,,,
tile14h24m+89d12m,422695,3,250.90756,89.14643,15.743,0.008,15.022,14.135,1.835,2.736,2.619,3,0,0,2,5,0.0567,229.005808456031,,,,,,
tile19h12m+89d12m,2445703,3,297.13407,88.80553,17.085,0.013,16.294,15.546,1.708,2.049,2.095,0,0,0,2,5,0.0567,229.005808456031,,,,,,
tile13h12m+88d00m,3617308,3,200.63924,88.02515,17.591,0.02,17.462,16.729,2.468,2.192,3.134,0,0,2,3,1,0.0568,229.409698770769,,,,,,
tile16h48m+88d42m,3620338,3,250.01746,88.53687,17.572,0.016,16.997,16.352,2.769,3.084,3.42,0,0,0,3,2,0.0569,229.813589085506,,,,,,
tile19h12m+88d30m,439543,3,278.32139,88.12169,16.437,0.012,15.899,15.22,1.864,2.723,2.721,3,3,3,2,5,0.0571,230.62136971498,,,,,,
tile14h24m+88d30m,1676828,3,200.44026,88.34089,18.812,0.043,18.951,18.214,2.623,2.147,2.598,3,3,3,3,5,0.0571,230.62136971498,,,,,,
tile01h12m+87d18m,1553460,3,18.46883,87.4093,16.649,0.023,15.876,15.144,2.631,4.167,4.345,3,3,3,3,4,0.0571,230.62136971498,,,,,,
tile13h12m+88d00m,3614401,3,191.26643,87.91719,18.459,0.027,17.856,16.732,2.912,2.887,2.894,0,2,0,3,2,0.0571,230.62136971498,,,,,,
tile22h48m+88d00m,1455725,3,344.50446,87.96103,18.307,0.027,17.281,17.119,2.883,5.225,2.611,0,0,3,3,5,0.0572,231.025260029718,,,,,,
tile13h12m+88d00m,3614120,3,196.61569,88.11505,16.681,0.011,16.013,15.193,3.691,4.066,4.05,0,0,0,3,1,0.0572,231.025260029718,,,,,,
tile14h24m+89d12m,422682,3,249.70991,89.13759,18.52,0.039,17.721,16.802,1.58,1.983,1.983,2,0,0,2,1,0.0573,231.429150344455,,,,,,
tile13h12m+88d00m,3614207,3,195.05508,88.05903,18.926,0.049,18.631,17.888,1.671,1.884,2.021,2,3,2,2,5,0.0574,231.833040659192,,,,,,
tile20h24m+87d18m,755876,3,297.35845,87.21338,18.584,0.052,17.748,17.234,2.985,3.757,3.845,0,0,2,3,1,0.0575,232.236930973929,,,,,,
tile09h36m+89d12m,2326099,3,129.64492,88.87845,16.974,0.037,16.192,15.492,3.351,3.873,3.346,0,2,0,3,5,0.0579,233.852492232879,,,,,,
tile14h24m+87d48m,1492255,3,224.2643,87.60889,18.69,0.065,17.994,17.24,1.917,2.38,2.734,0,3,0,2,3,0.0579,233.852492232879,,,,,,
tile12h00m+87d06m,3073730,3,184.39063,87.14648,16.52,0.013,15.757,14.888,2.508,2.395,2.216,0,2,0,3,5,0.058,234.256382547616,,,,,,
tile09h36m+89d12m,2326101,3,129.42166,88.87372,18.801,0.131,18.322,17.625,3.083,3.225,2.611,0,0,2,3,4,0.0581,234.660272862353,,,,,,
tile14h24m+87d06m,1782208,3,212.73934,86.97373,16.229,0.015,16.55,15.215,3.601,2.67,2.055,0,0,0,3,2,0.0581,234.660272862353,,,,,,
tile16h48m+87d48m,3513588,3,247.52383,87.41173,18.511,0.033,17.576,16.84,1.549,2.136,1.889,0,0,2,2,1,0.0584,235.871943806565,,,,,,
tile04h48m+89d12m,2960579,3,89.698,89.08675,18.638,0.127,18.18,17.238,2.596,2.424,2.802,0,0,0,3,3,0.0587,237.083614750777,,,,,,
tile15h36m+88d00m,2798602,3,228.91504,87.938,18.936,0.041,18.497,18.123,1.608,1.849,1.875,0,0,3,2,1,0.0587,237.083614750777,,,,,,
tile16h48m+87d06m,453808,3,252.02379,86.66709,18.51,0.07,19.168,17.676,2.566,1.54,2.229,0,3,3,2,1,0.059,238.295285694989,,,,,,
tile03h36m+87d18m,3347262,3,55.68602,87.3915,16.873,0.02,15.952,15.109,4.44,6.32,6.003,0,0,0,3,1,0.0592,239.103066324463,,,,,,
tile13h12m+88d00m,1489987,3,205.41223,87.59694,18.707,0.066,18.52,17.298,1.982,2.7,2.107,0,0,0,2,2,0.0594,239.910846953938,,,,,,
tile18h00m+88d00m,1220447,3,282.63682,87.89742,18.229,0.072,17.479,17.071,1.357,2.984,4.33,3,3,3,2,5,0.0601,242.738079157098,,,,,,
tile14h24m+88d30m,1676507,3,208.62784,88.45551,18.78,0.036,17.926,17.182,3.746,4.899,3.86,2,0,2,3,4,0.0607,245.161421045522,,,,,,
tile14h24m+89d12m,2798129,3,230.21825,88.77007,17.587,0.017,17.297,16.626,1.568,2.186,2.447,0,0,2,2,5,0.061,246.373091989734,,,,,,
tile14h24m+89d12m,2444370,3,236.65727,88.84916,17.193,0.016,16.871,16.269,1.615,2.305,2.38,0,0,0,2,5,0.0612,247.180872619208,,,,,,
tile02h24m+87d48m,2524434,3,30.43011,87.71033,18.373,0.042,17.36,16.602,1.825,2.591,2.427,0,2,3,2,4,0.0616,248.796433878157,,,,,,
tile10h48m+87d18m,2306647,3,167.816,87.26508,18.852,0.085,18.363,17.56,2.007,2.1,3.143,0,2,0,2,5,0.0618,249.604214507632,,,,,,
tile04h48m+89d12m,3696699,3,52.72871,89.08744,18.617,0.074,17.227,16.438,4.295,2.042,2.273,3,1,3,3,1,0.0618,249.604214507632,,,,,,
tile07h12m+87d48m,2706436,3,110.74388,87.56836,18.498,0.081,18.003,17.027,2.318,2.621,2.328,0,0,0,2,5,0.0619,250.008104822369,,,,,,
tile06h00m+88d00m,1592649,3,76.69623,87.86998,16.844,0.035,16.007,15.089,2.272,2.198,2.051,0,0,0,2,2,0.0619,250.008104822369,,,,,,
tile22h48m+87d18m,116864,3,342.46697,87.388,17.772,0.054,16.986,16.052,1.808,3.113,2.672,3,3,3,2,1,0.0621,250.815885451844,,,,,,
tile21h36m+88d42m,441713,3,311.93114,88.45463,18.965,0.107,17.883,17.304,1.488,2.036,2.033,0,0,0,2,4,0.0622,251.219775766581,,,,,,
tile21h36m+88d42m,441827,3,313.38922,88.37758,18.959,0.163,18.591,17.74,2.678,2.223,2.068,0,0,0,3,3,0.0623,251.623666081318,,,,,,
tile00h00m+87d48m,117507,3,350.05997,87.60338,18.762,0.053,17.862,17.093,2.33,2.17,1.933,0,0,2,2,1,0.0624,252.027556396056,,,,,,
tile03h36m+88d00m,1587996,3,45.29161,87.9525,17.701,0.103,16.945,16.027,1.883,2.267,2.148,0,2,0,2,1,0.0624,252.027556396056,,,,,,
tile02h24m+87d48m,1578646,3,41.6353,87.50341,16.467,0.011,15.718,15.073,2.926,3.913,3.639,0,2,2,3,4,0.0625,252.431446710793,,,,,,
tile08h24m+87d18m,1638745,3,134.72597,87.29181,18.944,0.045,18.083,17.352,1.923,1.931,2.05,0,0,0,2,1,0.0628,253.643117655005,,,,,,
tile14h24m+89d12m,2345368,3,221.65468,89.0785,16.403,0.008,15.747,15.091,2.706,4.444,3.643,0,2,2,3,4,0.0629,254.047007969742,,,,,,
tile19h12m+87d48m,437888,3,282.33236,87.50545,18.193,0.033,17.568,16.886,1.541,1.96,1.891,3,2,2,2,3,0.0629,254.047007969742,,,,,,
tile16h48m+88d42m,748164,3,248.91224,88.721,18.969,0.043,18.308,17.602,2.353,3.29,2.352,0,2,0,2,4,0.0631,254.854788599217,,,,,,
tile09h36m+87d48m,1659758,3,149.90376,87.52144,16.814,0.011,15.953,15.201,1.742,2.526,2.42,0,0,0,2,4,0.0631,254.854788599217,,,,,,
tile14h24m+89d12m,748403,3,210.90312,89.48642,18.845,0.043,18.048,17.588,1.599,2.077,1.893,0,0,2,2,1,0.0631,254.854788599217,,,,,,
tile00h00m+89d12m,424255,3,345.8691,89.12489,18.041,0.025,17.158,16.443,1.62,2.32,2.265,3,3,3,2,3,0.0632,255.258678913954,,,,,,
tile00h00m+88d30m,119198,3,343.51402,88.46545,18.444,0.052,17.67,16.766,1.867,2.47,2.536,0,0,2,2,1,0.0632,255.258678913954,,,,,,
tile16h48m+88d42m,748148,3,251.95781,88.75932,18.046,0.026,17.673,16.974,2.155,1.926,1.985,3,0,0,2,5,0.0633,255.662569228691,,,,,,
tile16h48m+88d42m,748268,3,251.51577,88.65921,18.135,0.026,17.739,17.454,2.635,3.641,2.455,0,0,2,3,4,0.0633,255.662569228691,,,,,,
tile01h12m+88d00m,113518,3,9.58795,87.84169,15.291,0.008,14.503,13.72,2.177,2.482,2.398,2,2,2,2,3,0.0633,255.662569228691,,,,,,
tile08h24m+88d00m,1636180,3,131.43266,87.90493,18.214,0.043,17.624,16.925,1.925,2.141,2.103,0,0,0,2,4,0.0635,256.470349858166,,,,,,
tile10h48m+87d18m,1640960,3,158.70494,87.28282,18.962,0.067,18.275,17.742,2.925,3.611,3.094,2,2,3,3,2,0.0638,257.682020802377,,,,,,
tile07h12m+88d42m,2675866,3,99.10481,88.74437,18.76,0.152,18.569,17.351,3.26,1.922,2.639,0,3,3,3,1,0.0639,258.085911117115,,,,,,
tile21h36m+88d42m,110183,3,333.53286,88.67726,17.672,0.023,16.962,16.204,1.899,3.069,3.096,0,0,0,2,1,0.064,258.489801431852,,,,,,
tile13h12m+88d00m,1678208,3,197.70072,87.71926,18.784,0.058,17.708,16.718,1.287,2.053,1.805,0,0,0,2,2,0.0641,258.893691746589,,,,,,
tile18h00m+87d18m,3220966,3,270.4793,86.86065,16.745,0.011,16.171,15.454,2.926,4.142,3.78,0,0,0,3,4,0.0643,259.701472376064,,,,,,
tile21h36m+88d42m,441612,3,309.61833,88.51595,17.228,0.032,16.198,15.491,1.64,2.519,2.494,0,0,0,2,3,0.0645,260.509253005538,,,,,,
tile21h36m+88d42m,110085,3,332.27722,88.73581,16.941,0.017,16.325,15.628,1.976,2.748,2.858,0,0,0,2,5,0.0647,261.317033635013,,,,,,
tile09h36m+87d06m,31809,3,138.97426,86.74865,16.617,0.013,15.321,14.942,1.42,8.908,3.026,3,3,3,2,3,0.0647,261.317033635013,,,,,,
tile04h48m+89d12m,811739,3,57.80021,89.29531,18.566,0.06,17.797,17.171,2.23,3.117,2.748,2,0,0,2,5,0.0648,261.72092394975,,,,,,
tile21h36m+88d42m,118352,3,333.38641,88.46,18.74,0.06,18.063,17.287,2.266,2.972,3.075,0,0,0,2,3,0.0651,262.932594893962,,,,,,
tile18h00m+88d00m,2447636,3,264.37335,87.90042,18.37,0.107,17.59,17.092,1.472,3.839,3.652,2,0,0,2,5,0.0652,263.336485208699,,,,,,
tile18h00m+88d00m,2447525,3,262.76444,87.95919,18.422,0.071,17.694,17.121,1.369,3.002,2.051,0,0,0,2,4,0.0653,263.740375523436,,,,,,
tile18h00m+88d00m,2447613,3,263.27381,87.9081,18.299,0.061,17.864,17.243,1.842,3.507,3.649,0,0,0,2,5,0.0655,264.548156152911,,,,,,
tile18h00m+88d00m,2447564,3,262.4464,87.93188,17.199,0.03,16.647,16.06,1.581,3.259,2.85,0,2,0,2,5,0.0657,265.355936782386,,,,,,
tile00h00m+88d30m,1314710,3,356.43061,88.30127,16.796,0.01,15.998,15.355,1.866,2.456,2.252,0,0,0,2,3,0.0658,265.759827097123,,,,,,
tile16h48m+88d42m,751784,3,253.13991,88.61613,17.889,0.027,17.27,16.65,1.694,1.888,1.811,0,0,0,2,2,0.0658,265.759827097123,,,,,,
tile19h12m+89d12m,1219366,3,278.20628,88.7619,18.199,0.04,17.788,17.203,2.112,2.377,3.332,0,0,0,2,3,0.0661,266.971498041335,,,,,,
tile01h12m+88d00m,1567158,3,10.98494,87.95676,17.25,0.022,16.61,15.806,1.425,1.956,1.79,0,0,2,2,1,0.0663,267.779278670809,,,,,,
tile01h12m+87d18m,1558207,3,17.82751,87.24548,16.74,0.031,15.822,15.136,1.723,2.292,2.104,0,0,0,2,4,0.0665,268.587059300284,,,,,,
tile02h24m+88d42m,418497,3,29.71487,88.69762,17.8,0.024,16.991,16.356,1.671,2.756,2.748,0,0,0,2,5,0.0666,268.990949615021,,,,,,
tile07h12m+87d06m,11670,3,113.5277,86.98593,17.915,0.023,16.905,16.129,2.233,2.356,1.968,2,2,2,2,5,0.0669,270.202620559233,,,,,,
tile01h12m+87d18m,1553413,3,15.60733,87.46179,16.134,0.027,15.701,15.021,1.88,2.132,1.909,0,2,0,2,4,0.0669,270.202620559233,,,,,,
tile02h24m+88d42m,418713,3,42.4572,88.96993,18.489,0.061,17.616,16.946,2.516,2,1.853,2,0,0,3,5,0.067,270.60651087397,,,,,,
tile01h12m+88d00m,1567068,3,8.32077,88.02155,17.553,0.039,16.901,16.313,2.948,2.911,3.13,3,3,3,3,4,0.0673,271.818181818182,,,,,,
tile01h12m+87d18m,113230,3,10.00538,87.44761,16.734,0.016,15.711,15.043,3.416,4.814,3.56,3,3,3,3,3,0.0674,272.222072132919,,,,,,
tile09h36m+87d48m,1633011,3,143.00456,87.33033,17.933,0.026,18.134,17.664,1.923,2.63,2.948,0,0,2,2,4,0.0683,275.857084965555,,,,,,
tile09h36m+87d06m,1633064,3,143.44343,87.28556,17.564,0.016,16.862,16.147,1.621,2.446,2.026,3,3,3,2,5,0.069,278.684317168715,,,,,,
tile18h00m+88d00m,754405,3,274.82438,88.12463,16.71,0.012,16.283,15.602,2.35,4.158,4.342,0,0,0,2,5,0.0693,279.895988112927,,,,,,
tile18h00m+88d00m,754423,3,275.54393,88.11205,17.717,0.023,16.964,16.413,1.507,2.267,2.703,0,0,0,2,5,0.0696,281.107659057139,,,,,,
tile13h12m+88d00m,1781062,3,210.81905,87.96599,16.525,0.012,15.774,14.981,1.901,2.254,2.049,0,0,0,2,1,0.0701,283.127110630825,,,,,,
tile19h12m+87d06m,2490043,3,290.89485,86.75184,18.335,0.058,17.708,17.234,1.904,2.949,2.397,3,3,3,2,5,0.0707,285.550452519249,,,,,,
tile09h36m+89d12m,2344446,3,168.28139,89.07483,18.156,0.021,17.292,16.496,1.569,2.679,2.38,0,0,0,2,5,0.0715,288.781575037147,,,,,,
tile13h12m+87d18m,442538,3,198.58181,86.93253,17.485,0.019,17.116,16.045,1.813,2.122,1.796,0,0,0,2,1,0.0722,291.608807240308,,,,,,
tile13h12m+88d00m,1678308,3,196.61364,87.66301,18.029,0.038,17.19,16.408,2.252,3.333,2.932,3,3,3,2,1,0.0734,296.455491017155,,,,,,
tile12h00m+87d06m,1673591,3,176.10066,87.30312,18.552,0.045,17.445,16.571,2.358,1.915,1.901,0,0,0,2,1,0.0735,296.859381331892,,,,,,
tile09h36m+87d48m,1660295,3,142.00177,87.41204,17.246,0.018,16.648,16.151,2.258,3.192,3.728,3,3,3,2,4,0.075,302.917736052951,,,,,,
tile10h48m+88d00m,1640165,3,158.44786,87.87387,18.613,0.045,17.731,16.957,2.19,2.943,3.078,0,0,0,2,3,0.075,302.917736052951,,,,,,
tile08h24m+87d18m,1635778,3,131.9556,87.0949,17.42,0.093,16.955,16.369,2.817,2.211,2.265,0,0,0,3,3,0.0754,304.533297311901,,,,,,
tile09h36m+87d06m,1633095,3,141.70153,87.26967,17.445,0.02,16.95,15.919,2.165,2.855,3.083,0,0,0,2,1,0.0755,304.937187626638,,,,,,
tile13h12m+87d18m,1526962,3,195.47412,87.27069,18.624,0.037,17.971,17.237,1.659,2.175,2.384,0,0,0,2,4,0.0756,305.341077941375,,,,,,
tile20h24m+88d00m,1222172,3,306.92217,87.79441,17.304,0.024,16.603,16.077,1.85,2.597,2.298,0,0,0,2,5,0.0759,306.552748885587,,,,,,
tile20h24m+88d00m,1222252,3,311.26513,87.69217,18.426,0.054,17.652,17.365,2.197,2.761,2.931,3,1,2,2,5,0.0761,307.360529515062,,,,,,
tile07h12m+88d42m,1657842,3,110.5165,88.58982,18.716,0.06,17.275,16.342,2.823,1.86,1.61,0,0,2,2,1,0.0765,308.976090774011,,,,,,
tile14h24m+88d30m,1676518,3,210.37233,88.43187,18.563,0.044,17.921,16.879,2.859,2.764,1.915,0,2,3,3,5,0.0766,309.379981088748,,,,,,
tile21h36m+87d06m,473752,3,327.24963,86.89903,18.717,0.03,17.912,17.474,2.311,3.447,3.368,0,2,0,2,4,0.0766,309.379981088748,,,,,,
tile12h00m+88d42m,1674488,3,171.33167,88.62461,18.387,0.134,17.51,16.511,1.537,5.843,5.952,2,0,0,2,3,0.0788,318.265568012968,,,,,,
tile12h00m+87d06m,45226,3,178.40927,86.89565,18.537,0.044,17.678,16.715,2.001,2.547,2.093,0,0,0,2,5,0.079,319.073348642442,,,,,,
tile00h00m+87d06m,1133217,3,357.73329,86.94551,18.671,0.027,18.488,17.68,1.817,2.475,2.791,0,2,2,2,2,0.0798,322.30447116034,,,,,,
tile16h48m+88d42m,751606,3,249.28196,88.35015,17.085,0.015,16.473,15.858,2.385,2.445,2.024,3,3,3,3,5,0.0802,323.920032419289,,,,,,
tile15h36m+88d00m,3089148,3,245.66701,88.15836,18.294,0.029,18.006,17.297,1.706,2.185,2.512,2,0,2,2,5,0.0803,324.323922734027,,,,,,
tile07h12m+88d42m,2701252,3,118.1597,88.89091,17.091,0.029,16.078,15.195,2.907,2.106,1.744,0,0,2,2,1,0.0812,327.958935566662,,,,,,
tile02h24m+87d06m,1256437,3,43.16398,86.86446,18.357,0.025,17.117,16.413,2.872,2.702,2.818,0,0,2,3,3,0.0814,328.766716196137,,,,,,
tile14h24m+87d06m,3009427,3,224.09273,86.95978,18.093,0.035,17.583,17.094,1.862,2.299,2.501,3,1,3,2,3,0.0815,329.170606510874,,,,,,
tile14h24m+87d06m,447218,3,215.83741,86.95727,17.515,0.024,16.911,16.132,2.647,3.227,2.844,3,3,3,3,2,0.0818,330.382277455086,,,,,,
tile16h48m+87d48m,628359,3,260.31381,87.54744,18.682,0.045,18.014,17.505,1.644,2.162,2.006,2,0,0,2,3,0.0829,334.825070917196,,,,,,
tile14h24m+87d06m,1491958,3,222.46928,87.33203,18.465,0.039,18.085,17.614,2.145,2.311,2.709,2,0,0,2,3,0.0829,334.825070917196,,,,,,
tile09h36m+88d30m,1665247,3,128.11726,88.47571,18.91,0.129,18.009,17.106,2.087,2.443,1.944,0,0,0,2,1,0.0831,335.63285154667,,,,,,
tile14h24m+87d06m,425956,3,218.72755,87.07462,18.929,0.081,18.39,17.981,2.575,2.608,2.162,0,2,3,3,3,0.0837,338.056193435094,,,,,,
tile16h48m+87d48m,628378,3,260.56174,87.53815,18.383,0.033,17.772,17.274,1.381,2.347,2.309,0,0,0,2,4,0.0839,338.863974064568,,,,,,
tile14h24m+87d06m,425833,3,223.08104,87.00338,17.077,0.013,16.24,15.543,2.068,2.523,2.154,0,2,3,2,2,0.0839,338.863974064568,,,,,,
tile14h24m+87d06m,2303675,3,211.76769,87.09975,17.707,0.046,17.306,16.721,1.968,3.114,2.5,3,3,3,2,5,0.084,339.267864379306,,,,,,
tile14h24m+87d06m,1527670,3,213.59113,87.08901,18.379,0.067,17.656,17.121,2.361,3.592,2.501,0,0,2,2,3,0.0841,339.671754694043,,,,,,
tile22h48m+87d18m,476387,3,340.68936,86.83982,17.84,0.022,17.253,16.66,2.34,2.756,2.956,0,2,2,2,4,0.0853,344.51843847089,,,,,,
tile09h36m+87d48m,1660125,3,142.34608,87.6021,17.962,0.022,17.34,16.471,2.041,2.201,2.005,0,0,0,2,5,0.0863,348.557341618263,,,,,,
tile21h36m+87d48m,432248,3,319.15597,87.46644,18.509,0.057,18.107,17.481,1.892,2.271,2.539,0,0,0,2,5,0.0865,349.365122247737,,,,,,
tile09h36m+88d30m,1665127,3,132.36065,88.58537,18.965,0.106,18.045,17.02,2.97,2.419,2.269,0,0,0,3,3,0.0865,349.365122247737,,,,,,
tile08h24m+88d00m,1622299,3,122.29284,88.02089,17.506,0.022,16.892,16.173,2.649,3.209,3.256,3,3,3,3,4,0.0866,349.769012562475,,,,,,
tile18h00m+88d00m,2456201,3,269.09742,87.60285,17.623,0.028,16.656,15.874,2.418,3.058,3.183,0,2,2,3,1,0.0868,350.576793191949,,,,,,
tile13h12m+87d18m,425628,3,202.97596,87.07675,17.412,0.051,16.8,16.1,5.512,7.439,6.645,2,0,2,3,1,0.0872,352.192354450898,,,,,,
tile04h48m+88d30m,2693731,3,81.44566,88.34908,18.684,0.073,17.843,17.038,2.013,2.521,2.766,0,0,2,2,3,0.0875,353.40402539511,,,,,,
tile07h12m+88d42m,2679099,3,101.17506,88.45697,18.798,0.146,17.482,16.578,2.637,2.142,1.817,0,0,0,3,1,0.0888,358.654599486695,,,,,,
tile12h00m+87d06m,45409,3,176.07568,86.71818,18.637,0.147,18.518,17.805,2.625,3.272,3.37,0,0,2,3,3,0.089,359.462380116169,,,,,,
tile12h00m+87d48m,1675488,3,181.79279,87.50921,18.173,0.039,17.438,16.55,1.852,2.497,2.492,0,0,0,2,3,0.089,359.462380116169,,,,,,
tile06h00m+87d18m,1648559,3,85.57734,87.27174,17.574,0.044,16.992,16.38,2.769,3.641,3.141,3,3,3,3,4,0.0893,360.674051060381,,,,,,
tile09h36m+89d12m,2326507,3,140.27976,88.99622,18.726,0.126,17.602,16.377,2.257,2.391,2.124,0,0,0,2,4,0.0894,361.077941375118,,,,,,
tile09h36m+89d12m,2343805,3,158.18288,88.86719,18.978,0.104,18.584,17.777,3.196,2.473,2.164,3,3,3,3,5,0.0896,361.885722004593,,,,,,
tile04h48m+87d48m,2684613,3,67.37442,87.79837,17.55,0.047,16.388,15.596,3.387,2.195,3.128,2,2,3,3,4,0.0899,363.097392948805,,,,,,
tile04h48m+87d48m,3345049,3,68.20977,87.48519,17.903,0.036,17.004,15.985,2.661,3.072,2.481,2,0,0,3,3,0.0908,366.73240578144,,,,,,
tile03h36m+87d18m,1298246,3,54.09006,86.98402,18.398,0.033,17.823,17.184,1.521,1.986,2.134,0,0,0,2,3,0.091,367.540186410914,,,,,,
tile04h48m+87d06m,1589219,3,64.47483,87.23716,18.17,0.038,17.423,16.623,1.89,2.616,2.833,0,0,0,2,3,0.091,367.540186410914,,,,,,
tile09h36m+87d48m,2712572,3,139.85065,87.59847,18.654,0.042,18.019,17.136,2.065,2.29,2.195,0,0,0,2,4,0.0911,367.944076725652,,,,,,
tile12h00m+88d42m,2346416,3,181.77083,88.36972,18.691,0.051,18.016,17.139,2.102,2.864,2.907,3,0,0,2,2,0.0912,368.347967040389,,,,,,
tile18h00m+88d00m,629244,3,261.91099,87.63357,18.402,0.032,17.499,16.714,1.578,1.982,1.845,0,2,2,2,1,0.0914,369.155747669864,,,,,,
tile04h48m+89d12m,811152,3,68.14019,89.14684,17.82,0.059,16.921,16.322,2.043,2.239,2.109,0,0,2,2,1,0.0914,369.155747669864,,,,,,
tile09h36m+89d12m,3416207,3,130.16763,89.41518,18.389,0.038,17.567,17.153,2.044,3.12,3.049,0,0,0,2,1,0.0914,369.155747669864,,,,,,
tile18h00m+87d18m,3220204,3,267.47507,87.04315,18.907,0.058,18.131,17.481,1.763,2.942,2.198,1,2,0,2,4,0.0915,369.559637984601,,,,,,
tile18h00m+87d18m,754000,3,276.51781,87.13445,18.891,0.044,18.243,17.541,1.77,1.916,2.124,0,0,0,2,2,0.0918,370.771308928813,,,,,,
tile06h00m+87d18m,1608866,3,82.67945,87.32093,18.929,0.074,18.034,17.175,1.92,2.192,2.091,0,0,2,2,4,0.092,371.579089558287,,,,,,
tile16h48m+87d06m,427526,3,250.08255,87.03482,18.169,0.045,17.652,17.053,1.893,2.073,2.18,0,0,0,2,5,0.0925,373.598541131973,,,,,,
tile04h48m+88d30m,2678114,3,85.22188,88.61513,17.183,0.056,16.694,15.913,2.445,2.314,2.256,0,2,3,3,5,0.0931,376.021883020397,,,,,,
tile04h48m+88d30m,2677984,3,63.90186,88.53216,17.013,0.022,16.171,15.464,2.911,4.164,3.144,0,2,3,3,2,0.0931,376.021883020397,,,,,,
tile16h48m+87d06m,427198,3,253.34903,87.02799,18.623,0.042,17.995,17.348,1.99,2.573,2.393,0,0,0,2,3,0.0934,377.233553964609,,,,,,
tile19h12m+88d30m,439015,3,277.51268,88.41889,17.432,0.024,17.162,16.508,2.522,2.252,2.449,0,3,3,3,5,0.0937,378.445224908821,,,,,,
tile19h12m+89d12m,423542,3,272.36178,89.27074,18.918,0.071,18.163,17.402,2.363,2.813,2.047,0,0,0,2,1,0.0938,378.849115223558,,,,,,
tile13h12m+87d18m,425554,3,199.0784,87.02242,17.754,0.041,17.446,16.729,1.689,2.509,2.918,3,3,3,2,1,0.0941,380.06078616777,,,,,,
tile20h24m+87d18m,2468386,3,300.97513,87.08469,17.713,0.029,16.865,15.981,2.675,3.554,4.098,0,0,0,3,2,0.0942,380.464676482507,,,,,,
tile00h00m+89d12m,750257,3,322.58487,89.39785,18.644,0.039,18.34,17.365,2.799,2.026,2.152,2,2,2,3,4,0.0943,380.868566797244,,,,,,
tile20h24m+87d18m,2487531,3,307.00385,87.20003,18.556,0.023,17.521,16.969,1.787,1.937,2.019,0,0,0,2,5,0.0944,381.272457111982,,,,,,
tile19h12m+89d12m,2446383,3,292.60812,89.18722,18.831,0.039,18.653,17.89,1.743,2.688,3.066,0,3,2,2,5,0.0946,382.080237741456,,,,,,
tile00h00m+90d00m,417750,3,80.69397,89.70195,18.126,0.164,17.557,16.77,2.974,3.55,4.374,0,0,0,3,4,0.0948,382.888018370931,,,,,,
tile01h12m+88d00m,1557425,3,23.92507,88.02276,18.012,0.055,17.058,16.455,2.147,2.931,2.648,0,0,2,2,4,0.0948,382.888018370931,,,,,,
tile12h00m+88d42m,1672588,3,175.17265,88.70718,18.981,0.137,17.815,16.908,1.194,2.396,2.382,0,0,0,2,3,0.095,383.695799000405,,,,,,
tile09h36m+89d12m,2343622,3,156.77109,88.9806,18.779,0.051,18.058,17.04,2.504,2.365,2.267,0,2,2,3,3,0.0953,384.907469944617,,,,,,
tile19h12m+89d12m,2495277,3,292.37625,89.03373,18.929,0.034,17.569,16.967,1.582,2.802,3.04,0,0,0,2,3,0.0953,384.907469944617,,,,,,
tile06h00m+87d18m,2709072,3,92.01127,87.46191,18.77,0.067,16.763,16.391,1.877,3.768,2.35,0,0,0,2,1,0.0953,384.907469944617,,,,,,
tile00h00m+87d48m,1314406,3,356.08983,87.93086,17.99,0.056,17.397,16.882,2.328,2.867,2.91,0,0,0,2,3,0.0956,386.119140888829,,,,,,
tile01h12m+87d18m,1553604,3,17.49658,87.30507,17.367,0.059,17.002,16.284,2.109,2.216,2.194,0,0,0,2,1,0.0957,386.523031203566,,,,,,
tile18h00m+88d00m,1220383,3,282.43129,87.92393,16.947,0.039,16.251,15.592,1.285,2.284,2.434,0,0,0,2,5,0.0958,386.926921518303,,,,,,
tile00h00m+87d06m,1472804,3,353.71261,87.16857,17.165,0.028,16.429,15.643,1.383,2.191,1.835,3,0,0,2,3,0.0958,386.926921518303,,,,,,
tile16h48m+88d42m,751163,3,240.95647,88.54786,16.844,0.014,16.206,15.398,3.236,1.574,1.951,3,3,3,2,5,0.096,387.734702147778,,,,,,
tile06h00m+88d00m,1620554,3,89.14074,87.86712,18.427,0.075,17.935,17.223,2.981,3.251,2.963,2,2,2,3,3,0.0965,389.754153721464,,,,,,
tile14h24m+89d12m,2797784,3,214.01595,88.95196,18.2,0.027,17.798,16.907,2.348,2.182,1.872,3,2,2,2,3,0.0966,390.158044036202,,,,,,
tile12h00m+88d42m,1665843,3,166.72926,88.61387,17.652,0.06,16.859,15.814,1.294,1.827,2.003,3,3,3,2,5,0.0968,390.965824665676,,,,,,
tile00h00m+87d48m,114929,3,3.0419,87.74708,18.201,0.048,17.236,16.403,1.623,1.9,2.054,0,2,0,2,3,0.0968,390.965824665676,,,,,,
tile21h36m+87d06m,478842,3,329.23468,86.71932,18.957,0.064,18.838,18.051,2.755,4.859,3.499,0,0,2,3,1,0.0971,392.177495609888,,,,,,
tile12h00m+88d42m,1665774,3,171.19184,88.59807,16.532,0.034,15.733,14.654,1.514,1.863,1.846,0,0,0,2,5,0.0976,394.196947183574,,,,,,
tile12h00m+88d42m,1665742,3,168.86388,88.38883,18.412,0.03,17.446,16.534,2.836,4.577,3.418,0,0,2,3,4,0.0976,394.196947183574,,,,,,
tile12h00m+88d42m,1665927,3,168.73854,88.51287,18.216,0.037,17.493,16.494,1.56,2.298,2.088,0,0,0,2,3,0.0983,397.024179386735,,,,,,
tile09h36m+89d12m,2326501,3,149.04836,89.05735,18.41,0.055,18.086,16.945,2.392,2.024,1.888,0,0,0,3,3,0.0983,397.024179386735,,,,,,
tile07h12m+87d48m,2702231,3,105.78358,87.78255,17.656,0.048,16.729,16.132,1.589,2.039,1.85,0,0,0,2,4,0.0985,397.83196001621,,,,,,
tile14h24m+88d30m,2347388,3,216.86892,88.25201,16.855,0.01,16.204,15.263,1.607,2.543,2.257,0,0,0,2,2,0.0992,400.659192219371,,,,,,
tile15h36m+88d00m,2798711,3,228.85363,87.81605,17.613,0.018,17.084,16.513,1.883,1.912,2.125,0,0,2,2,5,0.1003,405.101985681481,,,,,,
tile00h00m+89d12m,424622,3,326.13617,89.36205,16.897,0.011,16.096,15.334,1.736,2.134,1.964,0,2,0,2,5,0.1004,405.505875996218,,,,,,
tile14h24m+87d06m,1527674,3,212.71499,87.09243,18.443,0.044,17.599,16.933,4.228,3.208,3.229,0,2,2,3,2,0.1004,405.505875996218,,,,,,
tile13h12m+87d18m,1490419,3,206.07412,87.27666,18.332,0.043,17.548,16.709,1.439,2.465,2.11,0,0,0,2,1,0.1015,409.948669458328,,,,,,
tile04h48m+89d12m,811532,3,84.44726,89.29425,18.94,0.171,18.226,17.504,1.801,1.988,2.116,0,0,0,2,3,0.1016,410.352559773065,,,,,,
tile14h24m+87d48m,1527976,3,213.46105,87.40634,17.948,0.041,17.348,16.659,1.657,2.191,2.19,0,0,0,2,5,0.1025,413.987572605701,,,,,,
tile14h24m+87d06m,1494110,3,223.38192,86.8251,17.788,0.028,16.854,16.169,1.73,2.187,2.237,0,0,2,2,3,0.1032,416.814804808861,,,,,,
tile09h36m+89d12m,2326524,3,149.06429,89.04096,17.98,0.037,17.187,16.301,2.423,2.805,2.404,0,0,0,3,5,0.1033,417.218695123599,,,,,,
tile20h24m+88d00m,754911,3,303.86702,87.83784,17.563,0.034,16.857,16.176,2.09,2.851,2.936,0,0,2,2,3,0.1041,420.449817641497,,,,,,
tile09h36m+88d30m,1631954,3,148.94711,88.21215,18.796,0.038,18.2,17.484,2.247,2.538,2.628,0,2,0,2,3,0.1057,426.912062677293,,,,,,
tile14h24m+87d06m,3640376,3,218.19478,86.70894,18.414,0.059,17.975,17.396,2.096,2.775,2.635,0,0,0,2,4,0.1058,427.31595299203,,,,,,
tile04h48m+88d30m,2677888,3,62.79357,88.63127,18.214,0.035,17.379,16.634,1.928,1.984,1.825,0,2,0,2,5,0.1078,435.393759286776,,,,,,
tile04h48m+89d12m,2683901,3,61.16035,88.74009,17.629,0.047,17.169,16.783,2.432,3.85,3.027,2,2,3,3,5,0.1078,435.393759286776,,,,,,
tile10h48m+88d00m,1640477,3,163.70608,88.28157,18.947,0.08,18.36,17.488,1.355,2.924,2.891,0,0,2,2,2,0.1079,435.797649601513,,,,,,
tile09h36m+88d30m,1639356,3,130.97729,88.24345,18.802,0.051,18.409,17.653,1.871,2.198,2.837,0,3,2,2,3,0.1094,441.856004322572,,,,,,
tile01h12m+88d00m,1567120,3,5.58626,87.92431,18.546,0.046,17.938,17.699,1.897,2.579,2.252,0,2,0,2,3,0.11,444.279346210996,,,,,,
tile01h12m+88d00m,1556928,3,25.39465,87.84933,18.786,0.055,18.046,17.364,1.433,2.619,2.245,0,0,0,2,5,0.1103,445.491017155207,,,,,,
tile01h12m+88d00m,1557854,3,20.2402,88.07698,18.801,0.052,18.481,16.981,1.833,2.168,2.231,0,0,0,2,1,0.1141,460.838849115224,,,,,,
tile20h24m+88d00m,755320,3,297.49131,87.87027,18.126,0.046,17.592,16.726,2.24,2.869,3.421,0,0,0,2,5,0.1144,462.050520059435,,,,,,
tile20h24m+87d18m,2487368,3,306.61266,87.02607,18.333,0.051,17.594,16.987,2.055,2.897,2.781,0,0,0,2,4,0.1148,463.666081318384,,,,,,
tile08h24m+87d18m,1630718,3,126.21342,87.33322,18.062,0.119,17.952,16.863,2.669,2.609,2.976,0,3,2,3,3,0.1151,464.877752262596,,,,,,
tile00h00m+89d12m,3699490,3,6.63713,89.4837,18.834,0.027,17.728,16.635,2.461,2.222,2.821,0,2,2,3,4,0.1161,468.916655409969,,,,,,
tile08h24m+88d00m,1636131,3,127.99072,87.95202,18.946,0.058,18.196,17.708,1.755,2.551,2.219,0,2,3,2,1,0.1163,469.724436039444,,,,,,
tile08h24m+88d00m,1657008,3,118.64853,87.76655,18.366,0.095,17.639,16.991,1.658,2.146,2.061,0,0,0,2,3,0.1167,471.339997298393,,,,,,
tile01h12m+88d00m,1557527,3,20.31149,87.95911,18.805,0.075,18.232,17.295,1.357,2.244,1.809,0,0,0,2,4,0.1172,473.359448872079,,,,,,
tile20h24m+88d00m,1222137,3,308.74051,87.79958,18.691,0.07,17.72,16.922,1.633,1.965,1.889,3,3,3,2,4,0.1179,476.18668107524,,,,,,
tile15h36m+88d00m,1781942,3,236.21404,87.70989,16.855,0.019,16.173,15.221,1.581,2.371,2.066,3,3,3,2,3,0.1179,476.18668107524,,,,,,
tile14h24m+87d48m,1490792,3,209.30587,87.55507,18.644,0.079,17.95,17.191,1.874,2.559,2.116,0,0,0,2,1,0.118,476.590571389977,,,,,,
tile09h36m+88d30m,1640602,3,153.35013,88.32421,18.574,0.033,17.448,16.532,2.149,1.918,1.953,3,0,0,2,2,0.1183,477.802242334189,,,,,,
tile08h24m+88d00m,1635937,3,120.69789,87.79476,18.311,0.029,17.673,16.65,2.199,2.036,1.916,0,0,0,2,1,0.1186,479.013913278401,,,,,,
tile07h12m+87d48m,1631246,3,111.43796,88.00997,18.708,0.08,18.099,17.605,1.402,1.974,2.002,0,0,0,2,5,0.1189,480.225584222612,,,,,,
tile14h24m+87d06m,1493073,3,209.47144,86.76477,17.525,0.048,16.973,16.371,2.961,5.303,4.326,2,2,2,3,2,0.1192,481.437255166824,,,,,,
tile15h36m+88d00m,1491478,3,232.92966,87.62965,18.458,0.038,17.845,17.087,1.5,2.56,2.093,0,2,3,2,2,0.1193,481.841145481562,,,,,,
tile15h36m+88d00m,3512956,3,221.73196,87.84348,16.76,0.015,16.039,15.101,2.125,2.003,2.094,0,0,0,2,4,0.1199,484.264487369985,,,,,,
tile09h36m+87d06m,1632856,3,141.96567,87.06613,17.787,0.022,17.434,16.89,1.833,2.766,2.671,2,0,0,2,5,0.1203,485.880048628934,,,,,,
tile12h00m+88d42m,1677272,3,198.57001,88.5709,18.199,0.019,17.315,16.416,1.937,2.335,1.792,3,2,2,2,3,0.1203,485.880048628934,,,,,,
tile16h48m+87d06m,453466,3,251.12804,86.89426,18.925,0.071,18.167,17.49,2.134,2.291,2.512,0,0,2,2,1,0.1209,488.303390517358,,,,,,
tile15h36m+88d00m,623314,3,234.6512,87.64209,18.777,0.047,17.957,17.291,1.945,2.798,2.411,0,0,2,2,3,0.1213,489.918951776307,,,,,,
tile20h24m+88d00m,435010,3,295.32175,88.01141,18.258,0.06,17.414,16.869,1.753,2.054,1.883,0,0,0,2,3,0.1224,494.361745238417,,,,,,
tile16h48m+87d48m,3513797,3,246.73685,87.66349,18.585,0.035,18.309,17.716,1.55,2.475,2.265,0,2,2,2,5,0.1234,498.40064838579,,,,,,
tile16h48m+87d48m,624465,3,242.68824,87.613,18.166,0.018,17.187,16.57,1.817,2.324,2.369,0,0,0,2,5,0.1238,500.016209644739,,,,,,
tile14h24m+87d48m,1528006,3,216.64567,87.35527,17.618,0.028,16.908,16.286,1.987,2.137,2.362,0,0,0,2,4,0.1257,507.690125624747,,,,,,
tile15h36m+88d00m,625947,3,228.84016,88.13455,18.255,0.027,17.941,17.341,1.958,1.854,2.71,3,3,2,2,1,0.1261,509.305686883696,,,,,,
tile12h00m+87d48m,3710632,3,184.40967,87.64201,18.26,0.074,18.453,17.66,3.315,2.434,2.066,1,0,0,3,2,0.1267,511.729028772119,,,,,,
tile02h24m+87d06m,1579771,3,35.45838,86.74837,17.725,0.034,17.597,16.728,1.465,2.392,2.087,1,2,2,2,5,0.1279,516.575712548967,,,,,,
tile18h00m+88d00m,2447658,3,264.6734,87.88926,18.249,0.071,17.576,16.916,1.878,3.424,2.918,0,0,2,2,4,0.128,516.979602863704,,,,,,
tile12h00m+87d48m,2328845,3,177.36559,87.91705,17.555,0.021,17.306,16.328,3.238,3.388,3.49,0,3,3,3,1,0.1292,521.826286640551,,,,,,
tile06h00m+88d00m,1607994,3,83.70445,87.8151,17.666,0.077,16.932,16.143,4.255,4.424,3.96,2,0,2,3,1,0.1302,525.865189787924,,,,,,
tile00h00m+90d00m,3416142,3,119.87207,89.50534,17.761,0.09,16.706,15.923,3.045,3.213,2.677,0,3,3,3,2,0.1308,528.288531676347,,,,,,
tile22h48m+88d00m,434241,3,344.79446,87.90133,18.752,0.078,18.653,18.174,2.632,2.612,1.681,3,0,2,2,5,0.1314,530.711873564771,,,,,,
tile12h00m+87d48m,2329822,3,181.62301,87.92135,18.904,0.04,18.274,17.752,1.253,1.962,1.951,0,0,0,2,5,0.1317,531.923544508983,,,,,,
tile14h24m+87d48m,1781546,3,218.43797,87.63522,17.646,0.129,17.163,16.493,2.147,2.179,2.666,0,0,2,2,5,0.1322,533.942996082669,,,,,,
tile04h48m+88d30m,1588915,3,62.84278,88.21931,18.498,0.114,17.879,16.991,3.549,2.545,2.721,0,3,3,3,4,0.1322,533.942996082669,,,,,,
tile02h24m+88d42m,2524009,3,39.37044,88.79974,18.574,0.055,18.098,17.35,2.684,2.307,2.147,0,2,2,3,5,0.1324,534.750776712144,,,,,,
tile15h36m+88d00m,1781628,3,237.95685,87.75108,18.038,0.024,17.364,16.618,1.356,2.122,2.138,2,0,0,2,3,0.1324,534.750776712144,,,,,,
tile09h36m+89d12m,3416211,3,121.89458,89.46117,17.729,0.084,16.665,16.017,1.609,2.544,2.193,0,0,2,2,5,0.1329,536.77022828583,,,,,,
tile03h36m+88d00m,1567998,3,41.2363,88.0561,18.639,0.124,17.594,16.716,1.313,2.722,2.744,0,0,0,2,5,0.1333,538.385789544779,,,,,,
tile02h24m+87d48m,1578634,3,40.86905,87.52563,18.203,0.043,17.401,16.679,2.531,3.244,2.743,2,0,2,3,3,0.1347,544.040253951101,,,,,,
tile16h48m+87d06m,1536557,3,255.53418,86.98244,18.507,0.033,18.068,17.675,1.704,1.98,1.939,2,0,3,2,5,0.1355,547.271376468999,,,,,,
tile14h24m+87d06m,449619,3,222.71505,86.77179,18.511,0.043,17.876,17.264,2.308,2.326,2.147,2,2,0,2,3,0.136,549.290828042685,,,,,,
tile14h24m+87d48m,3513120,3,221.81581,87.65975,17.862,0.132,17.387,16.683,1.642,2.57,2.493,0,0,0,2,3,0.136,549.290828042685,,,,,,
tile16h48m+87d06m,1536388,3,256.93107,86.84311,17.987,0.024,17.73,17.056,1.319,2.587,2.584,0,0,0,2,5,0.1364,550.906389301635,,,,,,
tile14h24m+88d30m,3249243,3,229.12699,88.75159,18.454,0.04,17.79,17.109,2.26,2.812,2.546,3,0,1,2,3,0.1365,551.310279616372,,,,,,
tile02h24m+88d42m,813624,3,50.49775,88.55277,18.779,0.07,17.788,16.875,1.959,2.496,2.194,0,1,1,2,4,0.1369,552.925840875321,,,,,,
tile14h24m+87d06m,1493009,3,211.82448,86.8282,18.66,0.082,18.547,18.14,2.21,2.452,2.254,0,0,0,2,3,0.139,561.407537484804,,,,,,
tile14h24m+88d30m,625793,3,231.11852,88.26376,18.836,0.033,18.191,17.599,1.566,3.055,2.7,0,0,0,2,5,0.1391,561.811427799541,,,,,,
tile20h24m+87d18m,2487147,3,309.69043,87.14033,18.465,0.03,17.54,16.758,1.654,1.957,1.906,0,0,0,2,1,0.1453,586.852627313251,,,,,,
tile08h24m+87d18m,375,3,119.29683,87.02473,18.768,0.097,19.03,18.004,1.679,2.233,2.109,0,2,2,2,1,0.1476,596.142104552209,,,,,,
tile00h00m+89d12m,810865,3,0.76107,89.12929,18.887,0.127,19.571,18.588,3.179,2.925,2.647,3,0,0,3,1,0.1533,619.163852492233,,,,,,
tile09h36m+87d48m,1659962,3,150.51995,87.72244,18.732,0.02,17.668,16.793,2.032,1.911,1.874,0,0,0,2,3,0.1972,796.471700661894,,,,,,
